"SourcePath","Bytes","Extension","Sha256","Decision","Reason","TargetPath","TargetSha256"
"4.7-inch(684x1216)_ebook.zip","6429780",".zip","cdb0e102c09cccaeec48dc868257a98b188747358faefc5a21d80b2f0d207aa5","Exclude","Duplicate archive or file outside the curated import set","",""
"4.7-inch(684x1216)_ebook/.cache/clangd/index/app_album.c.0125333298448218.idx","2810",".idx","40b0769c73d4a545d9f8d725e78a5c3af7ed15ba88090dde7f5a75e49de4e5a0","Exclude","Generated local unknown-origin or backup file","",""
"4.7-inch(684x1216)_ebook/.cache/clangd/index/app_album.c.D25CD8ED1E59F93B.idx","2886",".idx","0e1732d6538f462f8baa1b3d49e2d3adc200aed2d7b25eafc6b08137bd65e44b","Exclude","Generated local unknown-origin or backup file","",""
"4.7-inch(684x1216)_ebook/.cache/clangd/index/app_album.h.AA5BEF1607F83D0C.idx","722",".idx","69f16a38aebce3bd6bb3b67d9c02ea159201f77fde2dd2f4df9abcd55a242c3d","Exclude","Generated local unknown-origin or backup file","",""
"4.7-inch(684x1216)_ebook/.cache/clangd/index/app_album.h.D834C16A09C85464.idx","1034",".idx","2c44689c3fb7dbc1854b3e445db3cc3d0304ffd2aa2d6e43b0808683b006a9f9","Exclude","Generated local unknown-origin or backup file","",""
"4.7-inch(684x1216)_ebook/.cache/clangd/index/app_ebook.c.80C29455A2F5E8D7.idx","1340",".idx","1050edbecffb81844c345526dc34905cef0ffd78c630a4f5737b065401ee4824","Exclude","Generated local unknown-origin or backup file","",""
"4.7-inch(684x1216)_ebook/.cache/clangd/index/app_ebook.c.D31744F61D23EFB1.idx","1360",".idx","a9cdd1d5e185a0b2e6e3f24057bda9126003218e3509d6466baf3b957299c966","Exclude","Generated local unknown-origin or backup file","",""
"4.7-inch(684x1216)_ebook/.cache/clangd/index/app_ebook.h.CCA507137A1475D6.idx","1196",".idx","e3373e9e67a9108b33efc93e1d591af12106df67726700d0b945661a7f2c0854","Exclude","Generated local unknown-origin or backup file","",""
"4.7-inch(684x1216)_ebook/.cache/clangd/index/app_ebook.h.E26DD39371B047AF.idx","1072",".idx","b9d88da4c3fa9d19aa9c7c9c2855fe7877b0ce5696ac566a8c852f36d0eb3d46","Exclude","Generated local unknown-origin or backup file","",""
"4.7-inch(684x1216)_ebook/.cache/clangd/index/ble_control.c.796A58799F911E0D.idx","7214",".idx","c5dd74cb053447cc7bdceedc421ee5d1341cadfec725101c44938dd78bbe19c5","Exclude","Generated local unknown-origin or backup file","",""
"4.7-inch(684x1216)_ebook/.cache/clangd/index/ble_control.h.0089A9AF5B0D5F0A.idx","890",".idx","d1406e2c65a024aac7b557dac5065632fec85333a5e9ffd2202a053c3d994a29","Exclude","Generated local unknown-origin or backup file","",""
"4.7-inch(684x1216)_ebook/.cache/clangd/index/board_specific.c.345CD8A908E2267B.idx","422",".idx","90b12edbdc8ee516a662245718bbce00df9b153e0005b80e803cdeb2b23a6afb","Exclude","Generated local unknown-origin or backup file","",""
"4.7-inch(684x1216)_ebook/.cache/clangd/index/board_specific.c.856A422959738767.idx","408",".idx","b2950b404761489b2f4f1978286f1d25d4b1080763bcd61d349b7a0208ece592","Exclude","Generated local unknown-origin or backup file","",""
"4.7-inch(684x1216)_ebook/.cache/clangd/index/book_storage.c.78303FF94A5AB3C5.idx","2566",".idx","ea606488ceafa9af1c6b4ffa3da67efefe9e31a3b846a229b04a338e588a3ded","Exclude","Generated local unknown-origin or backup file","",""
"4.7-inch(684x1216)_ebook/.cache/clangd/index/book_storage.c.ADD2298C94BDCE13.idx","2546",".idx","7bc49f1efc196e63f438a4a2a7d14955e3d90930d95fc8a19510ac966d304d1d","Exclude","Generated local unknown-origin or backup file","",""
"4.7-inch(684x1216)_ebook/.cache/clangd/index/book_storage.h.68664E86B54F7077.idx","1278",".idx","9245975645cac209d65e5ee6688f8748de5b97e0ec5729ea96b1c241dc4efbe7","Exclude","Generated local unknown-origin or backup file","",""
"4.7-inch(684x1216)_ebook/.cache/clangd/index/book_storage.h.92C3C9A5A19970D0.idx","1270",".idx","8e6c61b17415d8edf11fcef25aba737157ccd6d8ddc04d1bd84d4537b2d60b9e","Exclude","Generated local unknown-origin or backup file","",""
"4.7-inch(684x1216)_ebook/.cache/clangd/index/builtin_waveforms.c.4F1399E3D981974E.idx","1404",".idx","70d49e5e4580c1a3bb00948599eb257def2381afb9259c6e4c33aaa43a53fd39","Exclude","Generated local unknown-origin or backup file","",""
"4.7-inch(684x1216)_ebook/.cache/clangd/index/builtin_waveforms.c.5022DEADA5568F1B.idx","1480",".idx","6c38773cea2757b8fbcfc617db19c26147dfba05f9136989928f308c7ed5fdc8","Exclude","Generated local unknown-origin or backup file","",""
"4.7-inch(684x1216)_ebook/.cache/clangd/index/colorLED_sk6812.c.608A19341D750E1A.idx","4406",".idx","1909c3fa0b74e3debb7023113c89e472ecc163053f049a91df431bf111b716f6","Exclude","Generated local unknown-origin or backup file","",""
"4.7-inch(684x1216)_ebook/.cache/clangd/index/colorLED_sk6812.c.7C30DFEC9ACD86A6.idx","4410",".idx","df44f0393d71512a08b9b27b4fa6ae083129ad85284fe784108d93c90ce8b73a","Exclude","Generated local unknown-origin or backup file","",""
"4.7-inch(684x1216)_ebook/.cache/clangd/index/colorLED_sk6812.h.7D57015636012A99.idx","2408",".idx","04cbb36c759a7534a3cefc72e66fda4710b1dd4653f04a9971d9fc842dbb3371","Exclude","Generated local unknown-origin or backup file","",""
"4.7-inch(684x1216)_ebook/.cache/clangd/index/colorLED_sk6812.h.DD0FEF6EC7A787E9.idx","2542",".idx","7962a045c9ee8c6e14348f86bb94c930a1e0a7dd5145dfe834fcb2c5c2fbc2ee","Exclude","Generated local unknown-origin or backup file","",""
"4.7-inch(684x1216)_ebook/.cache/clangd/index/diff.S.04D68045409B7EDA.idx","570",".idx","3f61d0e9ca3c11ebc4f448b9eedaff7e686924e7a29c91eb4128da8a73cdc225","Exclude","Generated local unknown-origin or backup file","",""
"4.7-inch(684x1216)_ebook/.cache/clangd/index/diff.S.7169A6A2433536CE.idx","562",".idx","04cd36fde267706877ea8a7c2be07dc0bece10edda6cdac6b07bf1f36c50b58c","Exclude","Generated local unknown-origin or backup file","",""
"4.7-inch(684x1216)_ebook/.cache/clangd/index/displays.c.92329FEF1C777D09.idx","2228",".idx","15ac784092c8a4af86e177928f0936c7fb91932f221eb1ba7ca487e325e6ee84","Exclude","Generated local unknown-origin or backup file","",""
"4.7-inch(684x1216)_ebook/.cache/clangd/index/displays.c.B9331FF71A925676.idx","2410",".idx","b0b8c7b7ec195459fa854516794189b787e2c8b0812e642cf86a419169114135","Exclude","Generated local unknown-origin or backup file","",""
"4.7-inch(684x1216)_ebook/.cache/clangd/index/dragon.h.6E8583C2C0C4F2CC.idx","468",".idx","af000569f139d84bc6109147ab78736c66f04b3af5479d557035c67d74aab196","Exclude","Generated local unknown-origin or backup file","",""
"4.7-inch(684x1216)_ebook/.cache/clangd/index/dragon.h.757F50025A45C5AD.idx","476",".idx","70b30ba05064e88005a8598ab316dbc5977a44548a9c9a20035bf8194c5afa74","Exclude","Generated local unknown-origin or backup file","",""
"4.7-inch(684x1216)_ebook/.cache/clangd/index/ebook_engine.c.33995E1BB28B9EEE.idx","7804",".idx","6434f221e42b74908e3ec4992eb5619523ef166a7724cc49096d8be32927f3f7","Exclude","Generated local unknown-origin or backup file","",""
"4.7-inch(684x1216)_ebook/.cache/clangd/index/ebook_engine.c.F9F90027DD6841C4.idx","7824",".idx","08af95745dc9ef8d1d9ed3a047c9e0d9573795043ee6cd67a002d9599dd55fbc","Exclude","Generated local unknown-origin or backup file","",""
"4.7-inch(684x1216)_ebook/.cache/clangd/index/ebook_engine.h.04150CC48E96AA23.idx","2612",".idx","22928c2fb36690daad1b36c20133c8fc3619ccdde12c2ac59549d924f6a4aa30","Exclude","Generated local unknown-origin or backup file","",""
"4.7-inch(684x1216)_ebook/.cache/clangd/index/ebook_engine.h.0F6B726B7E36E0C7.idx","2740",".idx","d58d5d8263decd0bbf8b1312d90dbdbd7438fa02d167ae9d7722f0b37aade514","Exclude","Generated local unknown-origin or backup file","",""
"4.7-inch(684x1216)_ebook/.cache/clangd/index/epd_board.c.6F8558ED18FD9A9B.idx","3224",".idx","60e04c90f9ec8c6fc2d91c710e76032e7ffff4f3cec0ed04d4414a7b858c1770","Exclude","Generated local unknown-origin or backup file","",""
"4.7-inch(684x1216)_ebook/.cache/clangd/index/epd_board.c.D49E86DD459082D3.idx","3310",".idx","fb80373ba54e41f8f808ee79d5c7d852591680d29724c03603406d33806ecda0","Exclude","Generated local unknown-origin or backup file","",""
"4.7-inch(684x1216)_ebook/.cache/clangd/index/epd_board.h.0C210F806708CE24.idx","3570",".idx","7a9c4806884508b6edc9e292c5b49879a50177ceea23936fe322547f99316d04","Exclude","Generated local unknown-origin or backup file","",""
"4.7-inch(684x1216)_ebook/.cache/clangd/index/epd_board.h.4B62892225E0EEA0.idx","3582",".idx","2ad8cb58844536664f5427572dfaf4c0ab62045818e1758ea266b3c5dc0cee41","Exclude","Generated local unknown-origin or backup file","",""
"4.7-inch(684x1216)_ebook/.cache/clangd/index/epd_board_common.c.58F34F4E49360B5F.idx","2036",".idx","ada7d8f7db93df26b7fc817797d902039ccfc535d1a097aa4f7e32ccdcc1badc","Exclude","Generated local unknown-origin or backup file","",""
"4.7-inch(684x1216)_ebook/.cache/clangd/index/epd_board_common.c.5EA74F8599DB2A2A.idx","2144",".idx","8d714a55123d17da9786b4e3198100847a60ce1d212646d327ba8561de7368a0","Exclude","Generated local unknown-origin or backup file","",""
"4.7-inch(684x1216)_ebook/.cache/clangd/index/epd_board_specific.h.642D0E7F402C2F26.idx","1642",".idx","5bf022ec13b2ea005ed820dddb34cc6aa94f5938e958f741380cb2262bc6cddf","Exclude","Generated local unknown-origin or backup file","",""
"4.7-inch(684x1216)_ebook/.cache/clangd/index/epd_board_specific.h.F4123CEC06C15006.idx","1558",".idx","705a161e5ba376c0aa46ebf2afd2bab94f68bab4b9fe7094ae4a50317ef3ff29","Exclude","Generated local unknown-origin or backup file","",""
"4.7-inch(684x1216)_ebook/.cache/clangd/index/epd_board_v7.c.372733E4B728A840.idx","12496",".idx","d0823ff79567600a989554be285b43cd20f0a2dcf6006980c33311c77107752f","Exclude","Generated local unknown-origin or backup file","",""
"4.7-inch(684x1216)_ebook/.cache/clangd/index/epd_board_v7.c.953310CA032784B4.idx","11814",".idx","7ad5499d130589303624623edd58f5b2324931c6ea49bb7b205a3a5a44318393","Exclude","Generated local unknown-origin or backup file","",""
"4.7-inch(684x1216)_ebook/.cache/clangd/index/epd_display.h.E382136E2505094D.idx","2310",".idx","09db386500152bcec3611fa456d02df5ef6d2ac94570ec9288d0156357555968","Exclude","Generated local unknown-origin or backup file","",""
"4.7-inch(684x1216)_ebook/.cache/clangd/index/epd_display.h.E384B2EF22E7B416.idx","2158",".idx","ff8dca39c90e9255a97b2be05159d58503ae5abd07324c43e4c9205098334beb","Exclude","Generated local unknown-origin or backup file","",""
"4.7-inch(684x1216)_ebook/.cache/clangd/index/epd_highlevel.h.69734B74285EDD37.idx","4878",".idx","636b61359727b76b217579b19dfbb30407c9043a5e8b080c11d630c292c724a8","Exclude","Generated local unknown-origin or backup file","",""
"4.7-inch(684x1216)_ebook/.cache/clangd/index/epd_highlevel.h.BE759BAED7C19A83.idx","4864",".idx","b03c3edb5da1dc8a502a5ea0e9cdba6d178d3c59f595535ccd5b221fc57464e0","Exclude","Generated local unknown-origin or backup file","",""
"4.7-inch(684x1216)_ebook/.cache/clangd/index/epd_internals.h.32F99C04060B0D2B.idx","4176",".idx","b8a6618074b8949b9344a61e56e9537089f2a873df0671109cc016f496dad20c","Exclude","Generated local unknown-origin or backup file","",""
"4.7-inch(684x1216)_ebook/.cache/clangd/index/epd_internals.h.42A5E3A5561464CE.idx","4158",".idx","17cb115eb223e270136bb083440d218d8ac79881d6468fb9022a36cbf17759ee","Exclude","Generated local unknown-origin or backup file","",""
"4.7-inch(684x1216)_ebook/.cache/clangd/index/epdiy.c.2C292C85FF1D8A2D.idx","15666",".idx","788f69e072f0ee910de896e0e4250e46b243c8d14d35ddeedeb1000cbc6dc53d","Exclude","Generated local unknown-origin or backup file","",""
"4.7-inch(684x1216)_ebook/.cache/clangd/index/epdiy.c.D51D02485BEA20F8.idx","15916",".idx","e52c48c0b5c9fa24453f7e9076594c475f13dd96a7b38a52afa4abc352765240","Exclude","Generated local unknown-origin or backup file","",""
"4.7-inch(684x1216)_ebook/.cache/clangd/index/epdiy.h.01889E62F097DD21.idx","27540",".idx","1079c5fc59e7d237b48fb8f0da68e31618e238495f6418aa448cf2d3e7eb599d","Exclude","Generated local unknown-origin or backup file","",""
"4.7-inch(684x1216)_ebook/.cache/clangd/index/epdiy.h.E51647DA60DD9453.idx","27592",".idx","b896bde3c78d0c92e00bb03b68379ba677e342141b4bf223bd7382991f47f3e9","Exclude","Generated local unknown-origin or backup file","",""
"4.7-inch(684x1216)_ebook/.cache/clangd/index/epdiy_ED047TC1.h.1DC9F58DD5C1ACAA.idx","4506",".idx","6a85a5aec0c037a54cfa816228ff733f22a33f272107b4ab305785ff8156912b","Exclude","Generated local unknown-origin or backup file","",""
"4.7-inch(684x1216)_ebook/.cache/clangd/index/epdiy_ED047TC1.h.E546329811FF1DE4.idx","4492",".idx","90ce17af444cac63bdeaa8d4e0c5ad1ffee54404fe348e54d21c6e5df903613f","Exclude","Generated local unknown-origin or backup file","",""
"4.7-inch(684x1216)_ebook/.cache/clangd/index/epdiy_ED047TC2.h.39652F69B46F61F7.idx","8804",".idx","118d93d4adf77cb04eba547d246bf1b076e3a5a87d4567cf4afc4c4903880785","Exclude","Generated local unknown-origin or backup file","",""
"4.7-inch(684x1216)_ebook/.cache/clangd/index/epdiy_ED047TC2.h.FA4C23B1DB7B0C4A.idx","8818",".idx","caf5def715e1e0536726aa388c9e8b2b23f943f161bf58990b92077b210d29b2","Exclude","Generated local unknown-origin or backup file","",""
"4.7-inch(684x1216)_ebook/.cache/clangd/index/epdiy_ED060SC4.h.0D3D9F3167A87F64.idx","4506",".idx","3abf579bb79e2a512abc0a1cec0b47dc046b2a6d0aaa4a3c1bf25f8466feadd1","Exclude","Generated local unknown-origin or backup file","",""
"4.7-inch(684x1216)_ebook/.cache/clangd/index/epdiy_ED060SC4.h.2B0812A8244186C9.idx","4492",".idx","328c3487dc0b14e0f2f689c2f5c8c67204ce1d4476427de1936b7b318d369ad0","Exclude","Generated local unknown-origin or backup file","",""
"4.7-inch(684x1216)_ebook/.cache/clangd/index/epdiy_ED060SCT.h.2EAB81F3D0DF0016.idx","4492",".idx","7b1d0fb9ba5c57dd2ff4c97554a70addad07ee083adc6a6e9beff552b3c527c1","Exclude","Generated local unknown-origin or backup file","",""
"4.7-inch(684x1216)_ebook/.cache/clangd/index/epdiy_ED060SCT.h.5CD143EB56503CC5.idx","4506",".idx","5abfe35996fff8603138951c2b30c6ae079639c9c31561d735825f07b146a965","Exclude","Generated local unknown-origin or backup file","",""
"4.7-inch(684x1216)_ebook/.cache/clangd/index/epdiy_ED060XC3.h.6006AC8D955BE7A8.idx","4492",".idx","11a60461fccd441a6a9f835ae37376620e5c72d03b89bec099a8d68d60e9abcf","Exclude","Generated local unknown-origin or backup file","",""
"4.7-inch(684x1216)_ebook/.cache/clangd/index/epdiy_ED060XC3.h.758E82769C1043EC.idx","4506",".idx","50b6b6a250f1a39b67a4e26445a646d7f504cd5bb27317cc49445f8f472e1883","Exclude","Generated local unknown-origin or backup file","",""
"4.7-inch(684x1216)_ebook/.cache/clangd/index/epdiy_ED097OC4.h.8BC4E1C34BBAC2B6.idx","4492",".idx","8d6d1e2bb60c295576e073cf562ec19f0f0f98f3a82b4edcfd1fb15ee85c024d","Exclude","Generated local unknown-origin or backup file","",""
"4.7-inch(684x1216)_ebook/.cache/clangd/index/epdiy_ED097OC4.h.B4F4BC68289D93B8.idx","4506",".idx","f12581500c77d6379e84344907cc7458a3ab9749d9ca6172d5b80ecff277cba6","Exclude","Generated local unknown-origin or backup file","",""
"4.7-inch(684x1216)_ebook/.cache/clangd/index/epdiy_ED097TC2.h.1D01A177B9A020A1.idx","4492",".idx","c882e76257b84e3155bf6de77a81fb5387269f92ab51fcdd68d29c365bec5a68","Exclude","Generated local unknown-origin or backup file","",""
"4.7-inch(684x1216)_ebook/.cache/clangd/index/epdiy_ED097TC2.h.9FB4DE375F77A7E7.idx","4506",".idx","29ff50520027f41532ba5f40c3f2673857379addde0e9f4541e82f46b5c5e253","Exclude","Generated local unknown-origin or backup file","",""
"4.7-inch(684x1216)_ebook/.cache/clangd/index/epdiy_ED133UT2.h.1384B09027A50407.idx","4492",".idx","ab321808c7996a894dc2ef2a2c0983736e530bb496bc9c5903318c8ea8c4f28a","Exclude","Generated local unknown-origin or backup file","",""
"4.7-inch(684x1216)_ebook/.cache/clangd/index/epdiy_ED133UT2.h.2A30D4F49D9DB371.idx","4506",".idx","89c3b4aadcbe049b356eda1fd3d60012c7cc624c1af41b2860c61f237e3aaaea","Exclude","Generated local unknown-origin or backup file","",""
"4.7-inch(684x1216)_ebook/.cache/clangd/index/epdiy_NULL.h.32225D7C6937F5EA.idx","4384",".idx","4a469cefd9aa454aeee5776abfa65046621b414f2e60543165da34d03d064c49","Exclude","Generated local unknown-origin or backup file","",""
"4.7-inch(684x1216)_ebook/.cache/clangd/index/epdiy_NULL.h.E24FFF57EABC04E2.idx","4370",".idx","73b0899374e5025c09453205c43fbadc15429891a5b463aa88feac7fa040a42d","Exclude","Generated local unknown-origin or backup file","",""
"4.7-inch(684x1216)_ebook/.cache/clangd/index/event_bus.c.BFACA47C7970D740.idx","718",".idx","491ffb4651ed30332a175c1f73b753b6a073db81f88c157c774cd0f4279345dd","Exclude","Generated local unknown-origin or backup file","",""
"4.7-inch(684x1216)_ebook/.cache/clangd/index/event_bus.c.DF3A629C8AA1D38D.idx","704",".idx","ce06ba8155b72d7aa94b869b6633d39bc49b69ca6388dd8911872c569cedd487","Exclude","Generated local unknown-origin or backup file","",""
"4.7-inch(684x1216)_ebook/.cache/clangd/index/event_bus.h.19B313D5AEE7BB01.idx","786",".idx","3354c8de89864b74d03eb57c00c26e8b0eb4f2960c43a5b4cf160c1a89ead8f1","Exclude","Generated local unknown-origin or backup file","",""
"4.7-inch(684x1216)_ebook/.cache/clangd/index/event_bus.h.C16F255EB186B3C0.idx","852",".idx","87acd25d03c927bebc8278a3c1891074bce10fc3d0db2022b6e02ce2e0ded4da","Exclude","Generated local unknown-origin or backup file","",""
"4.7-inch(684x1216)_ebook/.cache/clangd/index/factor_test.c.1D4763257D31E62F.idx","5622",".idx","b68d6df1381f38af1f0e6bd93486e3e05c004e84529bc797d10e498cf42da0a7","Exclude","Generated local unknown-origin or backup file","",""
"4.7-inch(684x1216)_ebook/.cache/clangd/index/factor_test.c.907B6CA9EAC2EBC8.idx","5458",".idx","ed20beb04377322ab2db2a77d330b234c947e4e95d4c86142d4b3f274deabee5","Exclude","Generated local unknown-origin or backup file","",""
"4.7-inch(684x1216)_ebook/.cache/clangd/index/factor_test.h.38D1A3BBAC5FEFA8.idx","828",".idx","8ad39afdba5433f32b570dc5f74c0079deab5422565192ec63f10651dbeba143","Exclude","Generated local unknown-origin or backup file","",""
"4.7-inch(684x1216)_ebook/.cache/clangd/index/factor_test.h.3993948643C0C834.idx","814",".idx","6d1a161c571baab280034e9a8f4b54e9bad3354e37233a245ce7368c35912b4a","Exclude","Generated local unknown-origin or backup file","",""
"4.7-inch(684x1216)_ebook/.cache/clangd/index/font.c.7960CF45CF4FCE3F.idx","9364",".idx","3652647e2da43b16c366407f38015c87193cdf2239b81223f58b8816f3844afa","Exclude","Generated local unknown-origin or backup file","",""
"4.7-inch(684x1216)_ebook/.cache/clangd/index/font.c.986C8E616DCC6202.idx","8778",".idx","2b7038df32c935e4c8b54a670d0e359508da4ead4a03815a999be063c7614797","Exclude","Generated local unknown-origin or backup file","",""
"4.7-inch(684x1216)_ebook/.cache/clangd/index/highlevel.c.9AF0191A2223AC76.idx","7700",".idx","a9336e23ae21d7aa5f99e8b6c79601853659c8cd19eabb465a92fa44fe202999","Exclude","Generated local unknown-origin or backup file","",""
"4.7-inch(684x1216)_ebook/.cache/clangd/index/highlevel.c.B310015E2FD52B19.idx","7678",".idx","2dfa0b497e1e52aa6c7356d9a396d77373ead23ba5f1713a1ec890327025fbd9","Exclude","Generated local unknown-origin or backup file","",""
"4.7-inch(684x1216)_ebook/.cache/clangd/index/i2s_data_bus.c.7FE7BB176C935282.idx","556",".idx","4f954034cef0c1ac9b88ed355f27bf07d9c349ba64339cb0303e883ac6fe25ea","Exclude","Generated local unknown-origin or backup file","",""
"4.7-inch(684x1216)_ebook/.cache/clangd/index/i2s_data_bus.c.FA14B450EB700002.idx","538",".idx","674594cdb99d113d9ce800e409233c38d20262ab60266930d74f14643c777193","Exclude","Generated local unknown-origin or backup file","",""
"4.7-inch(684x1216)_ebook/.cache/clangd/index/i2s_data_bus.h.080BF3D4CFA9004A.idx","3144",".idx","03adddc6c758a22c71a61464bce1d3fdcdbaaebdd434977f96203b35c613a321","Exclude","Generated local unknown-origin or backup file","",""
"4.7-inch(684x1216)_ebook/.cache/clangd/index/i2s_data_bus.h.DCC7CBB6DD4D301D.idx","3140",".idx","e69b8c4f275404fa097d4323096ab1340d953b7842619be62883ee52b89a8b6e","Exclude","Generated local unknown-origin or backup file","",""
"4.7-inch(684x1216)_ebook/.cache/clangd/index/image_storage.c.CCF5150303FE0C61.idx","5820",".idx","09211b36a3acd21a7ff27c5626c8637585d8384fd8a77aea64809311ad33e31a","Exclude","Generated local unknown-origin or backup file","",""
"4.7-inch(684x1216)_ebook/.cache/clangd/index/image_storage.h.D46B2E6EDD236D11.idx","2310",".idx","ed24836235d4a901662f2db4f2b3bf4af7b13a67c3637cc239d564d16c7525a6","Exclude","Generated local unknown-origin or backup file","",""
"4.7-inch(684x1216)_ebook/.cache/clangd/index/key_manager.c.11B683A78486549B.idx","3402",".idx","2351bdd417e0ea52ac433732719f29a0d3aee76e8ca7e94b3acae05f8b573b57","Exclude","Generated local unknown-origin or backup file","",""
"4.7-inch(684x1216)_ebook/.cache/clangd/index/key_manager.c.EB1A671663B8CB7A.idx","3416",".idx","e945f6785ad769dafda06efcb64d0327e2bda56bad4742ba5bebc8a29fb1b2dc","Exclude","Generated local unknown-origin or backup file","",""
"4.7-inch(684x1216)_ebook/.cache/clangd/index/key_manager.h.245B6B484F8AEE08.idx","1080",".idx","9ba14e9ff24139b0954d8a54f35cced95a87ee8fa8f47562115c0b9277d109e9","Exclude","Generated local unknown-origin or backup file","",""
"4.7-inch(684x1216)_ebook/.cache/clangd/index/key_manager.h.5B2F361548E2B2B5.idx","1074",".idx","e71153bb9460ffe6cc1729fbe34a92925de072a5ff33d9a997192f40386cb8ca","Exclude","Generated local unknown-origin or backup file","",""
"4.7-inch(684x1216)_ebook/.cache/clangd/index/lcd_driver.c.5658069CFFBC3D4E.idx","29086",".idx","c378146a6c24921338151d83d18c180be9b0ca64ca8b9dbb91a9759ad44394ff","Exclude","Generated local unknown-origin or backup file","",""
"4.7-inch(684x1216)_ebook/.cache/clangd/index/lcd_driver.c.72022B3B9800D5F7.idx","27828",".idx","a51c71284fd476a872d476f50b44d0db315423ad0984d3d58240d68afeed8224","Exclude","Generated local unknown-origin or backup file","",""
"4.7-inch(684x1216)_ebook/.cache/clangd/index/lcd_driver.h.A479F391BE9B9431.idx","2900",".idx","4b67cc130c8c65d7c05c785b33e60ce3df511b9bd147d7b8fd488cd1a24769b7","Exclude","Generated local unknown-origin or backup file","",""
"4.7-inch(684x1216)_ebook/.cache/clangd/index/lcd_driver.h.C963FA2F476A55CF.idx","3044",".idx","5f89d1bbae2c06b76cb1d41781405d5f9651eec5773b5417222eae7f1c6addaf","Exclude","Generated local unknown-origin or backup file","",""
"4.7-inch(684x1216)_ebook/.cache/clangd/index/line_queue.c.B1AA6729092AF4F8.idx","3434",".idx","9c356c70a6398ad6831870626ad2176ad385e3912668f9f6c6b3aa0a475b16c7","Exclude","Generated local unknown-origin or backup file","",""
"4.7-inch(684x1216)_ebook/.cache/clangd/index/line_queue.c.CE770ABC8B24CFFB.idx","3054",".idx","3d386e3e418ce25cf7a9892da80518f4032771ce6094959ace0def92b8694d01","Exclude","Generated local unknown-origin or backup file","",""
"4.7-inch(684x1216)_ebook/.cache/clangd/index/line_queue.h.69C3D265A20C1134.idx","2420",".idx","fedfd32f7d985cc66310a3dc3e5a67a5362b241c25cca2d8cd7a0b2d8f56f0f0","Exclude","Generated local unknown-origin or backup file","",""
"4.7-inch(684x1216)_ebook/.cache/clangd/index/line_queue.h.F19454C8B593C56F.idx","2386",".idx","feb531a3b29488617cfb56e2e87d8b640af3701a7e8a8f7ae9458932d3e7b414","Exclude","Generated local unknown-origin or backup file","",""
"4.7-inch(684x1216)_ebook/.cache/clangd/index/lut.c.8DE0EFBD7A7A3A2A.idx","7772",".idx","14ae76959a573895e3ba33d291d954b0e2afa2fc4d3e234a31b1645eba745827","Exclude","Generated local unknown-origin or backup file","",""
"4.7-inch(684x1216)_ebook/.cache/clangd/index/lut.c.BA5C720E931D8734.idx","8146",".idx","5022c59cf02f3a110a8b441271e7cb5ec066612ba8e894065706424fb21c7681","Exclude","Generated local unknown-origin or backup file","",""
"4.7-inch(684x1216)_ebook/.cache/clangd/index/lut.h.485E10C56F1B6E85.idx","2348",".idx","75eed01e5925db476399be8f6710716ce3695ad986397d93204eb51ca53553b1","Exclude","Generated local unknown-origin or backup file","",""
"4.7-inch(684x1216)_ebook/.cache/clangd/index/lut.h.75633597FCEEDA24.idx","2374",".idx","93c3af391c6cf048997db7a46f8b5d71ba87b7b86d37c054a162efea10185dfc","Exclude","Generated local unknown-origin or backup file","",""
"4.7-inch(684x1216)_ebook/.cache/clangd/index/lut.S.1D189A02E40AA953.idx","582",".idx","f7061e33be2eb8ac0431b6189e5ae1861a6d52b80667d3c072305edac7ccd562","Exclude","Generated local unknown-origin or backup file","",""
"4.7-inch(684x1216)_ebook/.cache/clangd/index/lut.S.ED24C9CECA368B84.idx","574",".idx","8b3ac776236a77ccd607de6b52084549774e5913e421cc771efa34b622872a8d","Exclude","Generated local unknown-origin or backup file","",""
"4.7-inch(684x1216)_ebook/.cache/clangd/index/main.c.6DABF9C332615450.idx","2760",".idx","dc314ab5e5e3476c41ef48725bf79fe08e3b6d5afe3fdd76650a752009eb35ea","Exclude","Generated local unknown-origin or backup file","",""
"4.7-inch(684x1216)_ebook/.cache/clangd/index/main.c.976A86C8B76938F5.idx","2718",".idx","8e210b1f8d80e45e03f9b5399a477508cb786045a8eb023977646e5d9f40539d","Exclude","Generated local unknown-origin or backup file","",""
"4.7-inch(684x1216)_ebook/.cache/clangd/index/my_chinese_font.h.0976C6FC0FBF0B57.idx","714",".idx","20add3ecfb08f6f0032c5f74af6936f8df9630b610c8f0348fd46810107fbee0","Exclude","Generated local unknown-origin or backup file","",""
"4.7-inch(684x1216)_ebook/.cache/clangd/index/my_chinese_font.h.6D9EF2C43D09E9B1.idx","694",".idx","14343ca3b964f53f9be9da7c8be64281f2dc592bb83b6921a4d9af1d148482e9","Exclude","Generated local unknown-origin or backup file","",""
"4.7-inch(684x1216)_ebook/.cache/clangd/index/my_waveform.c.950B64A894DF6937.idx","1162",".idx","68114fe3c4370c3201655751b85cd0cd8588a4c79f3d8e86365631dcd73ec385","Exclude","Generated local unknown-origin or backup file","",""
"4.7-inch(684x1216)_ebook/.cache/clangd/index/my_waveform.h.823A565AF6850D88.idx","416",".idx","f3ccef6dc647cc1bcd6dc1f9a80ad09b908585312837b762a118c3ffae6a8893","Exclude","Generated local unknown-origin or backup file","",""
"4.7-inch(684x1216)_ebook/.cache/clangd/index/my_waveform_du.h.AF6FB251FA291D1F.idx","1252",".idx","1bae99c54a9711bbb16dfceddd3927582dd52e4856df3a16f2ad398a3309ebd8","Exclude","Generated local unknown-origin or backup file","",""
"4.7-inch(684x1216)_ebook/.cache/clangd/index/my_waveform_gc.h.429ECF83EC19D53E.idx","1242",".idx","c32ec573a20faa4b3a6c4bc10977af315b176f32499fe4ddde907ceac693529d","Exclude","Generated local unknown-origin or backup file","",""
"4.7-inch(684x1216)_ebook/.cache/clangd/index/my_waveform_gl.h.933F9614F7C727A8.idx","776",".idx","d25bbf3795f88f3e9058ad2c31ce3ce4e5228520f2d90e628e426fec28c9666a","Exclude","Generated local unknown-origin or backup file","",""
"4.7-inch(684x1216)_ebook/.cache/clangd/index/pca9555.c.074DF5598DB847A4.idx","3242",".idx","e9b1aaa1e27a46039651bbe47d015eb4c665fb4f2c33cfa37b6858c0f45ee25c","Exclude","Generated local unknown-origin or backup file","",""
"4.7-inch(684x1216)_ebook/.cache/clangd/index/pca9555.c.6B1CC32BEDD00932.idx","3454",".idx","068ade060197cb961891b29835150902fd9235d70e2697a5da9fd668a5ffef45","Exclude","Generated local unknown-origin or backup file","",""
"4.7-inch(684x1216)_ebook/.cache/clangd/index/pca9555.h.0E7624401BC111A0.idx","1714",".idx","97d9140f8fa29e8903a473b185a31878524b1eb89b68a6d451ac04cf8621057a","Exclude","Generated local unknown-origin or backup file","",""
"4.7-inch(684x1216)_ebook/.cache/clangd/index/pca9555.h.D85E7C796D3DD678.idx","1714",".idx","6506df99aecb74a72d945f494b0ecda02a1dfedae234d628148347282058e357","Exclude","Generated local unknown-origin or backup file","",""
"4.7-inch(684x1216)_ebook/.cache/clangd/index/render.c.E51E4043B3029135.idx","16458",".idx","0e1d312a6481ab7a2b1737fe68567f36daf3fe080b43e02ccdb6eb2b6d5fadf0","Exclude","Generated local unknown-origin or backup file","",""
"4.7-inch(684x1216)_ebook/.cache/clangd/index/render.c.F2A35E611FA8C702.idx","17014",".idx","7d473c685207c62e89ad9d372df307175d6a231d1146d30fe5d3963f049687c6","Exclude","Generated local unknown-origin or backup file","",""
"4.7-inch(684x1216)_ebook/.cache/clangd/index/render.h.35F6EFA54E81D1FA.idx","648",".idx","8b63a19c831c76ab03e512313af9ee3169877b5113887c6f4e217df4e5c06c5a","Exclude","Generated local unknown-origin or backup file","",""
"4.7-inch(684x1216)_ebook/.cache/clangd/index/render.h.EF55BDE1B677644B.idx","662",".idx","1fe5baafa267149352aeb67f1b90ff32496201489631f00529a4bf404d9669bf","Exclude","Generated local unknown-origin or backup file","",""
"4.7-inch(684x1216)_ebook/.cache/clangd/index/render_context.c.3FD0CEA5F957E162.idx","3494",".idx","f8bf9f362533f9e242b552403f9ab4bbb953dba5671ad55d1a70a23f69df0827","Exclude","Generated local unknown-origin or backup file","",""
"4.7-inch(684x1216)_ebook/.cache/clangd/index/render_context.c.7A179F9DE8F4CD22.idx","3384",".idx","2cc0426a457473e21719ac782045bb348ce8a2f93e084b67aabe79141610911f","Exclude","Generated local unknown-origin or backup file","",""
"4.7-inch(684x1216)_ebook/.cache/clangd/index/render_context.h.5F2E4C612565E433.idx","5176",".idx","3b1fa3e6e3362edfccb900d67b275101f2d368bac70fc940dac0d7fcbab73098","Exclude","Generated local unknown-origin or backup file","",""
"4.7-inch(684x1216)_ebook/.cache/clangd/index/render_context.h.6380FEEC8158E930.idx","5006",".idx","db04d117aab3dd40dfc0157f35a8504ab7c8d07e92b80a4401691a59a81f529c","Exclude","Generated local unknown-origin or backup file","",""
"4.7-inch(684x1216)_ebook/.cache/clangd/index/render_i2s.c.20B75E39EE8929C3.idx","460",".idx","f7c41f28b4e8999dde143fba90449575869d65d5bef61bdab70b349e94e57381","Exclude","Generated local unknown-origin or backup file","",""
"4.7-inch(684x1216)_ebook/.cache/clangd/index/render_i2s.c.827EE20B63FE7572.idx","438",".idx","17520ccc2a4518bbe826d30b51d5fdebce7f3e760b75c7c87e7b8083de731840","Exclude","Generated local unknown-origin or backup file","",""
"4.7-inch(684x1216)_ebook/.cache/clangd/index/render_i2s.h.58D80784AF81B795.idx","2548",".idx","f50816805347dfa0c3c56ca5bd3e7786a76f73fa2a8d679e185744943137d449","Exclude","Generated local unknown-origin or backup file","",""
"4.7-inch(684x1216)_ebook/.cache/clangd/index/render_i2s.h.5E8D090422DD4BE1.idx","2534",".idx","b7f43fe564c9f77a97973d77174dfd2caceac12aa2ea77c2d59aecdc01901fc8","Exclude","Generated local unknown-origin or backup file","",""
"4.7-inch(684x1216)_ebook/.cache/clangd/index/render_lcd.c.29FA0654324DF0EC.idx","7412",".idx","24c704a5afd9426a13696bc641958b8b53cb16e4e9c233ad5d1970f32123e1f3","Exclude","Generated local unknown-origin or backup file","",""
"4.7-inch(684x1216)_ebook/.cache/clangd/index/render_lcd.c.29FD0D5D635DB3F1.idx","6980",".idx","5c19913b02ac1d7e0f18b33fda69cd6099515db8220c2a50bfcd2678204dc3da","Exclude","Generated local unknown-origin or backup file","",""
"4.7-inch(684x1216)_ebook/.cache/clangd/index/render_lcd.h.91F3A37DB39ACB08.idx","1060",".idx","45bacd233f6c65c73bbe810868357e367493c7eabe2956f3d17a80297c4646c2","Exclude","Generated local unknown-origin or backup file","",""
"4.7-inch(684x1216)_ebook/.cache/clangd/index/render_lcd.h.AE6724EC9D3FB0B2.idx","1158",".idx","db4ff66c88a85f3184b5d29b71ce9485e48726a303ded99c4bbfeaffadb5d45f","Exclude","Generated local unknown-origin or backup file","",""
"4.7-inch(684x1216)_ebook/.cache/clangd/index/render_method.c.1829BD45D400789E.idx","626",".idx","ee50a581e09a0379d3349a2aef2219162fcfe3cee94a8782e047f994f1d084ef","Exclude","Generated local unknown-origin or backup file","",""
"4.7-inch(684x1216)_ebook/.cache/clangd/index/render_method.c.3B6463F459D38607.idx","646",".idx","de1d3a1479e76a7e146029141bd492715c8f5b00bf668b107144fa081c34622e","Exclude","Generated local unknown-origin or backup file","",""
"4.7-inch(684x1216)_ebook/.cache/clangd/index/render_method.h.723053A6CAE6742F.idx","1306",".idx","303fb65ab253b1db9d5c8baca9a289a6a8172a5154666c3ba6f6d58df1ef6cab","Exclude","Generated local unknown-origin or backup file","",""
"4.7-inch(684x1216)_ebook/.cache/clangd/index/render_method.h.96645CB31DCE68C2.idx","896",".idx","5e738d0e69c4e56873f575a30a3f01e2cf4dd695b072bbb62c9e36b6e9b9571b","Exclude","Generated local unknown-origin or backup file","",""
"4.7-inch(684x1216)_ebook/.cache/clangd/index/rmt_pulse.c.31ADAEB078E467F2.idx","438",".idx","4c01958f6d1240fed9d2beaa714f1288960957d7648b634d09aef47752392092","Exclude","Generated local unknown-origin or backup file","",""
"4.7-inch(684x1216)_ebook/.cache/clangd/index/rmt_pulse.c.4534CE2051EE591F.idx","450",".idx","d9868050c2eb2f6c0b5fa96a25e969bc4e4c5f5c488c7f7e9f1010a58de2087a","Exclude","Generated local unknown-origin or backup file","",""
"4.7-inch(684x1216)_ebook/.cache/clangd/index/tps65185.c.1DB1542FA89CCC48.idx","6044",".idx","f4188bb4ba75434a4c7cbfea5782f6a1dd44f981939e5de33c9fa73c154b661d","Exclude","Generated local unknown-origin or backup file","",""
"4.7-inch(684x1216)_ebook/.cache/clangd/index/tps65185.c.5B09BCF71D4E6E27.idx","5522",".idx","55fa49898cda0379939a8b4ee36242d1c3383b7025713654215c5aadbe95007e","Exclude","Generated local unknown-origin or backup file","",""
"4.7-inch(684x1216)_ebook/.cache/clangd/index/tps65185.h.2B7209D5F50F66C2.idx","2286",".idx","0cfa734495100ef999e489b05261622300125dab74ce55aeceae4a31359925c3","Exclude","Generated local unknown-origin or backup file","",""
"4.7-inch(684x1216)_ebook/.cache/clangd/index/tps65185.h.3B23A5097A50A66A.idx","2384",".idx","732cf2310b6598928f4ed35e09b3e0bb18db9d9786138ec9d4b8aedd0e88dd0f","Exclude","Generated local unknown-origin or backup file","",""
"4.7-inch(684x1216)_ebook/.cache/clangd/index/ui_manager.c.3D0D58EFC8D190A5.idx","16422",".idx","52db28e212e7d8c3fea1f4588723277480082148a15d591c18931d5fb299292d","Exclude","Generated local unknown-origin or backup file","",""
"4.7-inch(684x1216)_ebook/.cache/clangd/index/ui_manager.c.CD1C7EB20F69D7B9.idx","12632",".idx","112e4f00a8379e5ba1c41590380a82b210ed8daca3e00b135a8a494929c69e26","Exclude","Generated local unknown-origin or backup file","",""
"4.7-inch(684x1216)_ebook/.cache/clangd/index/ui_manager.h.31241D6AF4100C4A.idx","1778",".idx","f4e8be6b636db3b0b5675da8b148610e2eff097e95a940b225b622e4fcc785d0","Exclude","Generated local unknown-origin or backup file","",""
"4.7-inch(684x1216)_ebook/.cache/clangd/index/ui_manager.h.54AF885720C85A02.idx","1734",".idx","ca106fe2e2a1b82092e9339d0841c84d3d24195953139e3fc89b7e3c995c0e68","Exclude","Generated local unknown-origin or backup file","",""
"4.7-inch(684x1216)_ebook/.cache/clangd/index/ui_theme.c.0CF9BB21EBB71C84.idx","5108",".idx","2d46de27208f4c87c1232e561cf9b91f877e1e8bfea2be2619d119792b8c1296","Exclude","Generated local unknown-origin or backup file","",""
"4.7-inch(684x1216)_ebook/.cache/clangd/index/ui_theme.c.2CFDE6547130743A.idx","5584",".idx","24e21b4ada48ca9f3e15a7b46e331d1f538637b235d23f3f52f6c735f0a365d6","Exclude","Generated local unknown-origin or backup file","",""
"4.7-inch(684x1216)_ebook/.cache/clangd/index/ui_theme.h.27EE6878CCA225C1.idx","4328",".idx","f3561ea876085f6054fa9a3fe57eadce90e2b19191f293cd9778b8e8059b1afd","Exclude","Generated local unknown-origin or backup file","",""
"4.7-inch(684x1216)_ebook/.cache/clangd/index/ui_theme.h.D75A3E051E75C355.idx","3962",".idx","d335343744466542212455fa3b86248f2fb3a6282a2fb944c314226a119da996","Exclude","Generated local unknown-origin or backup file","",""
"4.7-inch(684x1216)_ebook/.cache/clangd/index/weather_client.c.035059402B44E1B6.idx","3340",".idx","fb836988d99842e009162780127b417466610df2a04aea4fa4fa056d543cfdf3","Exclude","Generated local unknown-origin or backup file","",""
"4.7-inch(684x1216)_ebook/.cache/clangd/index/weather_client.h.D165EEEFDA2C5F50.idx","560",".idx","af8ac779b253f4cf6902377fd0f500cd5ba01049cecc2a0f9ceeede4f145ae66","Exclude","Generated local unknown-origin or backup file","",""
"4.7-inch(684x1216)_ebook/.cache/clangd/index/web_server.c.4C903D58CE881113.idx","7622",".idx","040b6dc148c9e8ec152aad86698a443b1bff96a2ca3102302e8f5fb83f4aa608","Exclude","Generated local unknown-origin or backup file","",""
"4.7-inch(684x1216)_ebook/.cache/clangd/index/web_server.c.B2C52A2DE9DACC98.idx","9376",".idx","0513c4acc9e73cd233eee68fd17982d2048fc4c5a328a561841d13c4e94199d8","Exclude","Generated local unknown-origin or backup file","",""
"4.7-inch(684x1216)_ebook/.cache/clangd/index/web_server.h.45E06FA952A2C28F.idx","524",".idx","627d9d440326df1e273a75dc388a212dd589eda3e92cf2b8eba4de45b2337118","Exclude","Generated local unknown-origin or backup file","",""
"4.7-inch(684x1216)_ebook/.cache/clangd/index/web_server.h.95A8E0F8539D9803.idx","438",".idx","3f8c875a1c9ceb2977bb68b0666298c3c2c55b7fabe941bb9ee49cf4255489dd","Exclude","Generated local unknown-origin or backup file","",""
"4.7-inch(684x1216)_ebook/.cache/clangd/index/wifi_config.h.DA0DC1B4468C04C4.idx","242",".idx","8b9ed837942dabdb3232e1c976f286450b2ad0eda5f0fd818128f486ff53981c","Exclude","Generated local unknown-origin or backup file","",""
"4.7-inch(684x1216)_ebook/.cache/clangd/index/wifi_config.h.F515A6066FCCAE45.idx","248",".idx","9f06e560a7e1136d91a1df4c0092a2fb63ae253e2e41f39b7a2a880ec103dbf4","Exclude","Generated local unknown-origin or backup file","",""
"4.7-inch(684x1216)_ebook/.cache/clangd/index/wifi_manager.c.1BEA421DF13BE713.idx","6420",".idx","17b5e536247d2a8d8c99bba5b40c67624e49c72d3a5c57deea105b8e55d1d735","Exclude","Generated local unknown-origin or backup file","",""
"4.7-inch(684x1216)_ebook/.cache/clangd/index/wifi_manager.c.C054F3EB910CDBCF.idx","6384",".idx","dacefd6e40878ef34b13d8a40636ec8d0a3de7c64b51e29766585245bd416903","Exclude","Generated local unknown-origin or backup file","",""
"4.7-inch(684x1216)_ebook/.cache/clangd/index/wifi_manager.h.072D3DB27259B0B0.idx","688",".idx","e58f566bf86c13a45678ffb416c006dfc86521d76c93cf033404f15a15959276","Exclude","Generated local unknown-origin or backup file","",""
"4.7-inch(684x1216)_ebook/.cache/clangd/index/wifi_manager.h.F151ABED49E212C4.idx","792",".idx","88e42ceed0be474c2c052094fb9f9aec8f99ff604b0d34d8205f3ca2145b043d","Exclude","Generated local unknown-origin or backup file","",""
"4.7-inch(684x1216)_ebook/.clangd","39",".clangd","b64f692298e718f35ed78bfdff2d4eccba2d5f8e7b995a119a7cfffba463b931","Exclude","Generated local unknown-origin or backup file","",""
"4.7-inch(684x1216)_ebook/.vscode/c_cpp_properties.json","702",".json","8bfcc1c910fc79a54fd1e2e6e7b8e2b629dc2ccbb311fe3a2ca949fd30a9ea2f","Exclude","Generated local unknown-origin or backup file","",""
"4.7-inch(684x1216)_ebook/.vscode/extensions.json","31",".json","3cf2e0e2430e29a6f68ab4704118f335d9527ed12974fa953e664da0dfcf50e3","Exclude","Generated local unknown-origin or backup file","",""
"4.7-inch(684x1216)_ebook/.vscode/launch.json","244",".json","e81a6c4fc5c3e644853f4c61ba782df5713462777653307babadd9aa7124e23e","Exclude","Generated local unknown-origin or backup file","",""
"4.7-inch(684x1216)_ebook/.vscode/settings.json","830",".json","38a74d4141c5195de8dd18fd581b549549452c7d0c3652209a34d2360c86a576","Exclude","Generated local unknown-origin or backup file","",""
"4.7-inch(684x1216)_ebook/CMakeLists.txt","212",".txt","9ca8ae45f52fe891c1e9ed82b4a4d0439c7c94216b30e8a866513e904dbd928e","Import","Vendor-authorized reference firmware","materials/reference-firmware/ebook/CMakeLists.txt","9ca8ae45f52fe891c1e9ed82b4a4d0439c7c94216b30e8a866513e904dbd928e"
"4.7-inch(684x1216)_ebook/components/epdiy/CMakeLists.txt","1678",".txt","f19fe60660ee343b87b53545643421e62ddf4d55d4843c31e98f1de8be5e09e8","Import","Vendor-authorized reference firmware","materials/reference-firmware/ebook/components/epdiy/CMakeLists.txt","f19fe60660ee343b87b53545643421e62ddf4d55d4843c31e98f1de8be5e09e8"
"4.7-inch(684x1216)_ebook/components/epdiy/idf_component.yml","156",".yml","ba7eb83d4d3190cafb77666f93993d33a5a71112b6314c44fb7772b6f6a47981","Import","Vendor-authorized reference firmware","materials/reference-firmware/ebook/components/epdiy/idf_component.yml","ba7eb83d4d3190cafb77666f93993d33a5a71112b6314c44fb7772b6f6a47981"
"4.7-inch(684x1216)_ebook/components/epdiy/include/epd_img1.h","7893530",".h","fe57759a283217d88771ce6d5570c072a4932d810c5ca66362d35e52ddb96a67","Import","Vendor-authorized reference firmware","materials/reference-firmware/ebook/components/epdiy/include/epd_img1.h","fe57759a283217d88771ce6d5570c072a4932d810c5ca66362d35e52ddb96a67"
"4.7-inch(684x1216)_ebook/components/epdiy/src/board/colorLED_sk6812.c","5189",".c","7f971aa1757a60c493a8db50d53a46ff13bef881dec03d48445a1a946ffb625f","Import","Vendor-authorized reference firmware","materials/reference-firmware/ebook/components/epdiy/src/board/colorLED_sk6812.c","7f971aa1757a60c493a8db50d53a46ff13bef881dec03d48445a1a946ffb625f"
"4.7-inch(684x1216)_ebook/components/epdiy/src/board/colorLED_sk6812.h","1246",".h","fc5494d17c7b4c9bed77e704bf28a939d52cf4a5bf0222ac6d9301aadde42c08","Import","Vendor-authorized reference firmware","materials/reference-firmware/ebook/components/epdiy/src/board/colorLED_sk6812.h","fc5494d17c7b4c9bed77e704bf28a939d52cf4a5bf0222ac6d9301aadde42c08"
"4.7-inch(684x1216)_ebook/components/epdiy/src/board/epd_board.c","2999",".c","aeeaa193a5c282c51ef758039edd15d68455e040d113572cab9c72731f6346b7","Import","Vendor-authorized reference firmware","materials/reference-firmware/ebook/components/epdiy/src/board/epd_board.c","aeeaa193a5c282c51ef758039edd15d68455e040d113572cab9c72731f6346b7"
"4.7-inch(684x1216)_ebook/components/epdiy/src/board/epd_board_common.c","2747",".c","d73e2103627fe6160b30d5a9d85f5eb3e55bace862f752b08ef601e095965867","Import","Vendor-authorized reference firmware","materials/reference-firmware/ebook/components/epdiy/src/board/epd_board_common.c","d73e2103627fe6160b30d5a9d85f5eb3e55bace862f752b08ef601e095965867"
"4.7-inch(684x1216)_ebook/components/epdiy/src/board/epd_board_common.h","1284",".h","194f9543e238b938be8dfa639459616e7dc99dcd674f160b5fbedaa12317e205","Import","Vendor-authorized reference firmware","materials/reference-firmware/ebook/components/epdiy/src/board/epd_board_common.h","194f9543e238b938be8dfa639459616e7dc99dcd674f160b5fbedaa12317e205"
"4.7-inch(684x1216)_ebook/components/epdiy/src/board/epd_board_v7.c","14565",".c","2551024a73ddb3776e15f63d0a5dbd7b722935cd66fc4c445f68ba79d06ec8e4","Import","Vendor-authorized reference firmware","materials/reference-firmware/ebook/components/epdiy/src/board/epd_board_v7.c","2551024a73ddb3776e15f63d0a5dbd7b722935cd66fc4c445f68ba79d06ec8e4"
"4.7-inch(684x1216)_ebook/components/epdiy/src/board/pca9555.c","3218",".c","bada3ff4a28895e90637e69a279c789490ea41837dce88c9105fc008a1e7b440","Import","Vendor-authorized reference firmware","materials/reference-firmware/ebook/components/epdiy/src/board/pca9555.c","bada3ff4a28895e90637e69a279c789490ea41837dce88c9105fc008a1e7b440"
"4.7-inch(684x1216)_ebook/components/epdiy/src/board/pca9555.h","1055",".h","bf6afd9ba3c1b94ac3a400ea33eed7d7cd7c55ec405ce65c978eaeffd225e70d","Import","Vendor-authorized reference firmware","materials/reference-firmware/ebook/components/epdiy/src/board/pca9555.h","bf6afd9ba3c1b94ac3a400ea33eed7d7cd7c55ec405ce65c978eaeffd225e70d"
"4.7-inch(684x1216)_ebook/components/epdiy/src/board/tps65185.c","5010",".c","2f6695a995e476aa440f1b12031726daf1593b3c1c83e3532a7b521ce0df7e4d","Import","Vendor-authorized reference firmware","materials/reference-firmware/ebook/components/epdiy/src/board/tps65185.c","2f6695a995e476aa440f1b12031726daf1593b3c1c83e3532a7b521ce0df7e4d"
"4.7-inch(684x1216)_ebook/components/epdiy/src/board/tps65185.h","1419",".h","e12d061ff0d53ca28ca0023e312bb5318d3d79037b53368148ec6fadd5c023f2","Import","Vendor-authorized reference firmware","materials/reference-firmware/ebook/components/epdiy/src/board/tps65185.h","e12d061ff0d53ca28ca0023e312bb5318d3d79037b53368148ec6fadd5c023f2"
"4.7-inch(684x1216)_ebook/components/epdiy/src/board_specific.c","92",".c","a024072c346c16782cec8fee2973807553535e75222e27fc65c292031ce892fb","Import","Vendor-authorized reference firmware","materials/reference-firmware/ebook/components/epdiy/src/board_specific.c","a024072c346c16782cec8fee2973807553535e75222e27fc65c292031ce892fb"
"4.7-inch(684x1216)_ebook/components/epdiy/src/builtin_waveforms.c","471",".c","e786204b6cd8cf7d75f77ec1836c1ca1244c4d24e593b3a5496cbb9a4481024e","Import","Vendor-authorized reference firmware","materials/reference-firmware/ebook/components/epdiy/src/builtin_waveforms.c","e786204b6cd8cf7d75f77ec1836c1ca1244c4d24e593b3a5496cbb9a4481024e"
"4.7-inch(684x1216)_ebook/components/epdiy/src/diff.S","3394",".s","b2de631e867e80efc23947910f39af37b4baa55149e41c80691596a155423ecb","Import","Vendor-authorized reference firmware","materials/reference-firmware/ebook/components/epdiy/src/diff.S","b2de631e867e80efc23947910f39af37b4baa55149e41c80691596a155423ecb"
"4.7-inch(684x1216)_ebook/components/epdiy/src/displays.c","2067",".c","db5d2ed47243f6211f56e9f62e7ba666b7c6671f68ee0ededaba95ae8df3340a","Import","Vendor-authorized reference firmware","materials/reference-firmware/ebook/components/epdiy/src/displays.c","db5d2ed47243f6211f56e9f62e7ba666b7c6671f68ee0ededaba95ae8df3340a"
"4.7-inch(684x1216)_ebook/components/epdiy/src/epd_board.h","2747",".h","63029a81bacc80d3c7b2db6e3fff2cbb24d1bd32601be0d1c1f3c7ff57f05b03","Import","Vendor-authorized reference firmware","materials/reference-firmware/ebook/components/epdiy/src/epd_board.h","63029a81bacc80d3c7b2db6e3fff2cbb24d1bd32601be0d1c1f3c7ff57f05b03"
"4.7-inch(684x1216)_ebook/components/epdiy/src/epd_board_specific.h","1335",".h","d13263a116330ee1362184f25fd0dec6acf4270410a541712d55420363429dd0","Import","Vendor-authorized reference firmware","materials/reference-firmware/ebook/components/epdiy/src/epd_board_specific.h","d13263a116330ee1362184f25fd0dec6acf4270410a541712d55420363429dd0"
"4.7-inch(684x1216)_ebook/components/epdiy/src/epd_display.h","1181",".h","92787b2e19a7f1689f6243b7c297c4d121930c45eed4e02ec08d2f7ab61eb65b","Import","Vendor-authorized reference firmware","materials/reference-firmware/ebook/components/epdiy/src/epd_display.h","92787b2e19a7f1689f6243b7c297c4d121930c45eed4e02ec08d2f7ab61eb65b"
"4.7-inch(684x1216)_ebook/components/epdiy/src/epd_highlevel.h","5680",".h","1e70c7d7f7119454a3f8d6ab004ae33a4f37c079805473216ede4d92fb6d2567","Import","Vendor-authorized reference firmware","materials/reference-firmware/ebook/components/epdiy/src/epd_highlevel.h","1e70c7d7f7119454a3f8d6ab004ae33a4f37c079805473216ede4d92fb6d2567"
"4.7-inch(684x1216)_ebook/components/epdiy/src/epd_internals.h","3114",".h","6cd965fe5e6a79d3afce8d98993adb6baff584b447e01f1c811ef3209550242f","Import","Vendor-authorized reference firmware","materials/reference-firmware/ebook/components/epdiy/src/epd_internals.h","6cd965fe5e6a79d3afce8d98993adb6baff584b447e01f1c811ef3209550242f"
"4.7-inch(684x1216)_ebook/components/epdiy/src/epdiy.c","15387",".c","57f32184b042a957ae32be02af1da25fefe715abd2bfad0ef460b4d29ea5f465","Import","Vendor-authorized reference firmware","materials/reference-firmware/ebook/components/epdiy/src/epdiy.c","57f32184b042a957ae32be02af1da25fefe715abd2bfad0ef460b4d29ea5f465"
"4.7-inch(684x1216)_ebook/components/epdiy/src/epdiy.h","19400",".h","03571dfc865b18891c0f459bdf233171bcf7dacdb47b66512ea43b9e3a1184c0","Import","Vendor-authorized reference firmware","materials/reference-firmware/ebook/components/epdiy/src/epdiy.h","03571dfc865b18891c0f459bdf233171bcf7dacdb47b66512ea43b9e3a1184c0"
"4.7-inch(684x1216)_ebook/components/epdiy/src/font.c","12243",".c","f4c5ef1f6db6187999ba1c78233a904cabcb7edf7bebadaedbfcf73bc96a02dd","Import","Vendor-authorized reference firmware","materials/reference-firmware/ebook/components/epdiy/src/font.c","f4c5ef1f6db6187999ba1c78233a904cabcb7edf7bebadaedbfcf73bc96a02dd"
"4.7-inch(684x1216)_ebook/components/epdiy/src/hacks.cmake","3561",".cmake","e6d93de680991b54508f9c4b87ac2fc05e61eb015ddb42b80c61a84574883b71","Import","Vendor-authorized reference firmware","materials/reference-firmware/ebook/components/epdiy/src/hacks.cmake","e6d93de680991b54508f9c4b87ac2fc05e61eb015ddb42b80c61a84574883b71"
"4.7-inch(684x1216)_ebook/components/epdiy/src/highlevel.c","8068",".c","d4b9bdd37ba3f58d1cc4d7b37e4dc1ff4eb8a3c44689a148caab6fa0c161e6d6","Import","Vendor-authorized reference firmware","materials/reference-firmware/ebook/components/epdiy/src/highlevel.c","d4b9bdd37ba3f58d1cc4d7b37e4dc1ff4eb8a3c44689a148caab6fa0c161e6d6"
"4.7-inch(684x1216)_ebook/components/epdiy/src/Makefile","808","","fe507810479bcc849eb8d84424d7c1e35320317b529e976f3b91fee918158f44","Import","Vendor-authorized reference firmware","materials/reference-firmware/ebook/components/epdiy/src/Makefile","fe507810479bcc849eb8d84424d7c1e35320317b529e976f3b91fee918158f44"
"4.7-inch(684x1216)_ebook/components/epdiy/src/output_common/line_queue.c","2173",".c","3fdb60681eaf6775a8ad72ac36165647fe4295a462fd80cb77a6dae0f2a29ea4","Import","Vendor-authorized reference firmware","materials/reference-firmware/ebook/components/epdiy/src/output_common/line_queue.c","3fdb60681eaf6775a8ad72ac36165647fe4295a462fd80cb77a6dae0f2a29ea4"
"4.7-inch(684x1216)_ebook/components/epdiy/src/output_common/line_queue.h","1047",".h","70cd54837772807c88ed5c4e83c788adde5b6bd73dc1a0f3b568427603b581a5","Import","Vendor-authorized reference firmware","materials/reference-firmware/ebook/components/epdiy/src/output_common/line_queue.h","70cd54837772807c88ed5c4e83c788adde5b6bd73dc1a0f3b568427603b581a5"
"4.7-inch(684x1216)_ebook/components/epdiy/src/output_common/lut.c","19589",".c","6faa8e0f9410e74eb48a89bc6a077b8e98db50e00e180a8a8830434e689b91c0","Import","Vendor-authorized reference firmware","materials/reference-firmware/ebook/components/epdiy/src/output_common/lut.c","6faa8e0f9410e74eb48a89bc6a077b8e98db50e00e180a8a8830434e689b91c0"
"4.7-inch(684x1216)_ebook/components/epdiy/src/output_common/lut.h","1281",".h","9f503986411c14d0eb69948f64eef78259ba25464279f199e1f834f237930c45","Import","Vendor-authorized reference firmware","materials/reference-firmware/ebook/components/epdiy/src/output_common/lut.h","9f503986411c14d0eb69948f64eef78259ba25464279f199e1f834f237930c45"
"4.7-inch(684x1216)_ebook/components/epdiy/src/output_common/lut.S","3624",".s","8aa056ac43479b777c5a27263809dc6846bebaeb8a3371b3dd755fd719427a62","Import","Vendor-authorized reference firmware","materials/reference-firmware/ebook/components/epdiy/src/output_common/lut.S","8aa056ac43479b777c5a27263809dc6846bebaeb8a3371b3dd755fd719427a62"
"4.7-inch(684x1216)_ebook/components/epdiy/src/output_common/render_context.c","3417",".c","b3a4699d46d1152a5abf949c3504cb2a2a1d73cafedf3e5dd60092525598b319","Import","Vendor-authorized reference firmware","materials/reference-firmware/ebook/components/epdiy/src/output_common/render_context.c","b3a4699d46d1152a5abf949c3504cb2a2a1d73cafedf3e5dd60092525598b319"
"4.7-inch(684x1216)_ebook/components/epdiy/src/output_common/render_context.h","2952",".h","ad30ed79be94a5fb6915bbde298576853c2632037fd58336d41af5c25daa8bda","Import","Vendor-authorized reference firmware","materials/reference-firmware/ebook/components/epdiy/src/output_common/render_context.h","ad30ed79be94a5fb6915bbde298576853c2632037fd58336d41af5c25daa8bda"
"4.7-inch(684x1216)_ebook/components/epdiy/src/output_common/render_method.c","335",".c","5ef8eaed6945bf007ac098c238f2df585d6e8a66a6e7dabb31d680c9df8bbb5c","Import","Vendor-authorized reference firmware","materials/reference-firmware/ebook/components/epdiy/src/output_common/render_method.c","5ef8eaed6945bf007ac098c238f2df585d6e8a66a6e7dabb31d680c9df8bbb5c"
"4.7-inch(684x1216)_ebook/components/epdiy/src/output_common/render_method.h","725",".h","089c4975019d3239b12b0f60aa7fa7c28f6b278327e182fead193f8907fbf6a4","Import","Vendor-authorized reference firmware","materials/reference-firmware/ebook/components/epdiy/src/output_common/render_method.h","089c4975019d3239b12b0f60aa7fa7c28f6b278327e182fead193f8907fbf6a4"
"4.7-inch(684x1216)_ebook/components/epdiy/src/output_i2s/i2s_data_bus.c","9360",".c","17a10e6e15e84d5fa79ae9af779656b43ac2de3997a8c5387977cf6b685a8327","Import","Vendor-authorized reference firmware","materials/reference-firmware/ebook/components/epdiy/src/output_i2s/i2s_data_bus.c","17a10e6e15e84d5fa79ae9af779656b43ac2de3997a8c5387977cf6b685a8327"
"4.7-inch(684x1216)_ebook/components/epdiy/src/output_i2s/i2s_data_bus.h","1571",".h","c02617db613bfd2aecf6e41d90248f06d83dc907b6d902bf7e2e1906da2b8ba7","Import","Vendor-authorized reference firmware","materials/reference-firmware/ebook/components/epdiy/src/output_i2s/i2s_data_bus.h","c02617db613bfd2aecf6e41d90248f06d83dc907b6d902bf7e2e1906da2b8ba7"
"4.7-inch(684x1216)_ebook/components/epdiy/src/output_i2s/render_i2s.c","13248",".c","2ee2889782bd90feeacbd4106d44e3650f8b2371ed80f0bdcd9c8b7b9f75ffe8","Import","Vendor-authorized reference firmware","materials/reference-firmware/ebook/components/epdiy/src/output_i2s/render_i2s.c","2ee2889782bd90feeacbd4106d44e3650f8b2371ed80f0bdcd9c8b7b9f75ffe8"
"4.7-inch(684x1216)_ebook/components/epdiy/src/output_i2s/render_i2s.h","1428",".h","229dffbea1deec24bb7766c0a30414d15ca320816395a8bc4ca108f68df31d2c","Import","Vendor-authorized reference firmware","materials/reference-firmware/ebook/components/epdiy/src/output_i2s/render_i2s.h","229dffbea1deec24bb7766c0a30414d15ca320816395a8bc4ca108f68df31d2c"
"4.7-inch(684x1216)_ebook/components/epdiy/src/output_i2s/rmt_pulse.c","3144",".c","41c3d21dc0ea050b03a944d4fad7b2e1338dc9efc83b4e54a8e547ebfc98898a","Import","Vendor-authorized reference firmware","materials/reference-firmware/ebook/components/epdiy/src/output_i2s/rmt_pulse.c","41c3d21dc0ea050b03a944d4fad7b2e1338dc9efc83b4e54a8e547ebfc98898a"
"4.7-inch(684x1216)_ebook/components/epdiy/src/output_i2s/rmt_pulse.h","1247",".h","b3857c0bd96d0de6eea19de462ad8db075c59fd425ff6c6e39dd2ca089bb4f53","Import","Vendor-authorized reference firmware","materials/reference-firmware/ebook/components/epdiy/src/output_i2s/rmt_pulse.h","b3857c0bd96d0de6eea19de462ad8db075c59fd425ff6c6e39dd2ca089bb4f53"
"4.7-inch(684x1216)_ebook/components/epdiy/src/output_lcd/idf-4-backports.h","758",".h","2d9b5caabec4927f27dbd588ca1802ddb09c5da1ce155f55270a4432eef54a0c","Import","Vendor-authorized reference firmware","materials/reference-firmware/ebook/components/epdiy/src/output_lcd/idf-4-backports.h","2d9b5caabec4927f27dbd588ca1802ddb09c5da1ce155f55270a4432eef54a0c"
"4.7-inch(684x1216)_ebook/components/epdiy/src/output_lcd/lcd_driver.c","24433",".c","d03889b4d7653976d85740427ba818e41c184c33a96f13186a540cd7e78cccea","Import","Vendor-authorized reference firmware","materials/reference-firmware/ebook/components/epdiy/src/output_lcd/lcd_driver.c","d03889b4d7653976d85740427ba818e41c184c33a96f13186a540cd7e78cccea"
"4.7-inch(684x1216)_ebook/components/epdiy/src/output_lcd/lcd_driver.h","1385",".h","f12200365577ded215575e6b6a463d8b1371171622506be0e389739e92572d50","Import","Vendor-authorized reference firmware","materials/reference-firmware/ebook/components/epdiy/src/output_lcd/lcd_driver.h","f12200365577ded215575e6b6a463d8b1371171622506be0e389739e92572d50"
"4.7-inch(684x1216)_ebook/components/epdiy/src/output_lcd/render_lcd.c","8001",".c","ea0eab939c2c2ebbc669b20097437756733642fb33c41a09baa51a6a62e0b2f1","Import","Vendor-authorized reference firmware","materials/reference-firmware/ebook/components/epdiy/src/output_lcd/render_lcd.c","ea0eab939c2c2ebbc669b20097437756733642fb33c41a09baa51a6a62e0b2f1"
"4.7-inch(684x1216)_ebook/components/epdiy/src/output_lcd/render_lcd.h","461",".h","471118d9a4657a68616d561adc43c48419524579c88121ab1119a4ceb4076b5d","Import","Vendor-authorized reference firmware","materials/reference-firmware/ebook/components/epdiy/src/output_lcd/render_lcd.h","471118d9a4657a68616d561adc43c48419524579c88121ab1119a4ceb4076b5d"
"4.7-inch(684x1216)_ebook/components/epdiy/src/render.c","16386",".c","70a2d3f5068024c28b877cc1ec4235cc6fffda3d2fa72ab608a3f7baac8d57d8","Import","Vendor-authorized reference firmware","materials/reference-firmware/ebook/components/epdiy/src/render.c","70a2d3f5068024c28b877cc1ec4235cc6fffda3d2fa72ab608a3f7baac8d57d8"
"4.7-inch(684x1216)_ebook/components/epdiy/src/render.h","246",".h","23ee5d45efa948b946f2cb430bda39062b547abb387d75cb3a1b1e4c8747c3f8","Import","Vendor-authorized reference firmware","materials/reference-firmware/ebook/components/epdiy/src/render.h","23ee5d45efa948b946f2cb430bda39062b547abb387d75cb3a1b1e4c8747c3f8"
"4.7-inch(684x1216)_ebook/components/epdiy/src/waveforms/epdiy_ED047TC1.h","36977",".h","40ff2bcce909678fbb870039a7f72537daf0f3446e4c82342d37ef0abaef3e84","Import","Vendor-authorized reference firmware","materials/reference-firmware/ebook/components/epdiy/src/waveforms/epdiy_ED047TC1.h","40ff2bcce909678fbb870039a7f72537daf0f3446e4c82342d37ef0abaef3e84"
"4.7-inch(684x1216)_ebook/components/epdiy/src/waveforms/epdiy_ED047TC2.h","273271",".h","bf9eb98ee64df1c84802e505836c8e04081bbad9f8dbb7eb97412fc341e02e2a","Import","Vendor-authorized reference firmware","materials/reference-firmware/ebook/components/epdiy/src/waveforms/epdiy_ED047TC2.h","bf9eb98ee64df1c84802e505836c8e04081bbad9f8dbb7eb97412fc341e02e2a"
"4.7-inch(684x1216)_ebook/components/epdiy/src/waveforms/epdiy_ED060SC4.h","36612",".h","52b9a676452a8b53466f42e55d15eb4466f95dc8a37e617a0ea232886bda1a43","Import","Vendor-authorized reference firmware","materials/reference-firmware/ebook/components/epdiy/src/waveforms/epdiy_ED060SC4.h","52b9a676452a8b53466f42e55d15eb4466f95dc8a37e617a0ea232886bda1a43"
"4.7-inch(684x1216)_ebook/components/epdiy/src/waveforms/epdiy_ED060SCT.h","36941",".h","64d50cdccbc63636c87df55567133d5a7b77475aed22e1e55b906c6eee4ac5e0","Import","Vendor-authorized reference firmware","materials/reference-firmware/ebook/components/epdiy/src/waveforms/epdiy_ED060SCT.h","64d50cdccbc63636c87df55567133d5a7b77475aed22e1e55b906c6eee4ac5e0"
"4.7-inch(684x1216)_ebook/components/epdiy/src/waveforms/epdiy_ED060XC3.h","36615",".h","bba3c12357a9797dc528d8723cdca259d6e1131bda5607e4870d74ecffeb100f","Import","Vendor-authorized reference firmware","materials/reference-firmware/ebook/components/epdiy/src/waveforms/epdiy_ED060XC3.h","bba3c12357a9797dc528d8723cdca259d6e1131bda5607e4870d74ecffeb100f"
"4.7-inch(684x1216)_ebook/components/epdiy/src/waveforms/epdiy_ED097OC4.h","36618",".h","637d668ed8e15e3f429eb575cfcfcae74ace9552715e7556adf8be1e1fc378aa","Import","Vendor-authorized reference firmware","materials/reference-firmware/ebook/components/epdiy/src/waveforms/epdiy_ED097OC4.h","637d668ed8e15e3f429eb575cfcfcae74ace9552715e7556adf8be1e1fc378aa"
"4.7-inch(684x1216)_ebook/components/epdiy/src/waveforms/epdiy_ED097TC2.h","36941",".h","70506a50c7c0f739f06b5da53fa1e2c3ef9746473deb203c618f2df9aac8c121","Import","Vendor-authorized reference firmware","materials/reference-firmware/ebook/components/epdiy/src/waveforms/epdiy_ED097TC2.h","70506a50c7c0f739f06b5da53fa1e2c3ef9746473deb203c618f2df9aac8c121"
"4.7-inch(684x1216)_ebook/components/epdiy/src/waveforms/epdiy_ED133UT2.h","36633",".h","079008ab013bb62c42e57765d6c0e7112331d720eecd69bdb340c05e5607f170","Import","Vendor-authorized reference firmware","materials/reference-firmware/ebook/components/epdiy/src/waveforms/epdiy_ED133UT2.h","079008ab013bb62c42e57765d6c0e7112331d720eecd69bdb340c05e5607f170"
"4.7-inch(684x1216)_ebook/components/epdiy/src/waveforms/epdiy_NULL.h","36721",".h","57504932bb5850ea79f2c6ac7aa0c8caa810d89150bd79e04008e5c412e89832","Import","Vendor-authorized reference firmware","materials/reference-firmware/ebook/components/epdiy/src/waveforms/epdiy_NULL.h","57504932bb5850ea79f2c6ac7aa0c8caa810d89150bd79e04008e5c412e89832"
"4.7-inch(684x1216)_ebook/DEMO.md","2491",".md","67ddfd6216e2cb293a20cc63dad9b7aeacb1b60fc3781d16189d7ae882a15f00","Import","Vendor-authorized reference firmware","materials/reference-firmware/ebook/DEMO.md","67ddfd6216e2cb293a20cc63dad9b7aeacb1b60fc3781d16189d7ae882a15f00"
"4.7-inch(684x1216)_ebook/demo/books/demo_chapter1.txt","526",".txt","494e76771aa8ca18b582843ed791a1e68e9d09225b06a9b8a3bcbe2274a950b8","Import","Vendor-authorized reference firmware","materials/reference-firmware/ebook/demo/books/demo_chapter1.txt","494e76771aa8ca18b582843ed791a1e68e9d09225b06a9b8a3bcbe2274a950b8"
"4.7-inch(684x1216)_ebook/demo/books/demo_chapter2.txt","484",".txt","b01b3bddc1889c5988a5c9ee4486db7797d56042ea03874480d061013f6de2fa","Import","Vendor-authorized reference firmware","materials/reference-firmware/ebook/demo/books/demo_chapter2.txt","b01b3bddc1889c5988a5c9ee4486db7797d56042ea03874480d061013f6de2fa"
"4.7-inch(684x1216)_ebook/dependencies.lock","187",".lock","326fca3ccdd3a861fcfd8cda9094474fdbdcdbea5338bc534336e95bfb27fa01","Import","Vendor-authorized reference firmware","materials/reference-firmware/ebook/dependencies.lock","326fca3ccdd3a861fcfd8cda9094474fdbdcdbea5338bc534336e95bfb27fa01"
"4.7-inch(684x1216)_ebook/main/apps/app_album/app_album.c","3617",".c","e36a974b589238baac44a31686cd83f048b4869300a909d22d38c2e28c32e30e","Import","Vendor-authorized reference firmware","materials/reference-firmware/ebook/main/apps/app_album/app_album.c","e36a974b589238baac44a31686cd83f048b4869300a909d22d38c2e28c32e30e"
"4.7-inch(684x1216)_ebook/main/apps/app_album/app_album.h","518",".h","692465922484ab36daaa5784b3531f33f6d225fc236717773ace97b68862f7c1","Import","Vendor-authorized reference firmware","materials/reference-firmware/ebook/main/apps/app_album/app_album.h","692465922484ab36daaa5784b3531f33f6d225fc236717773ace97b68862f7c1"
"4.7-inch(684x1216)_ebook/main/apps/app_ebook/app_ebook.c","1924",".c","e1a2db312ef91efc04deb9a4199a2bc5bca159287f093d60562241842da83b2c","Import","Vendor-authorized reference firmware","materials/reference-firmware/ebook/main/apps/app_ebook/app_ebook.c","e1a2db312ef91efc04deb9a4199a2bc5bca159287f093d60562241842da83b2c"
"4.7-inch(684x1216)_ebook/main/apps/app_ebook/app_ebook.h","446",".h","3a42aac4fe7f01d4072890ac7dd6f88ab5334770fdc6f5e21701bb7070cf4543","Import","Vendor-authorized reference firmware","materials/reference-firmware/ebook/main/apps/app_ebook/app_ebook.h","3a42aac4fe7f01d4072890ac7dd6f88ab5334770fdc6f5e21701bb7070cf4543"
"4.7-inch(684x1216)_ebook/main/CMakeLists.txt","601",".txt","379e4cea42c0c545990e1ad40f6cd3e36b0b22ad2c4100f54de80159fa5c0285","Import","Vendor-authorized reference firmware","materials/reference-firmware/ebook/main/CMakeLists.txt","379e4cea42c0c545990e1ad40f6cd3e36b0b22ad2c4100f54de80159fa5c0285"
"4.7-inch(684x1216)_ebook/main/common/book_storage.c","4678",".c","39c99ff00253c25ee0a95eb43a65d4b13be88e1a0a4f9f4d5cb4129abea5ae48","Import","Vendor-authorized reference firmware","materials/reference-firmware/ebook/main/common/book_storage.c","39c99ff00253c25ee0a95eb43a65d4b13be88e1a0a4f9f4d5cb4129abea5ae48"
"4.7-inch(684x1216)_ebook/main/common/book_storage.h","452",".h","3b1b1815948dfc4dc615a0fb791cdf72a8f4806b3a643a276ea7922740dc873b","Import","Vendor-authorized reference firmware","materials/reference-firmware/ebook/main/common/book_storage.h","3b1b1815948dfc4dc615a0fb791cdf72a8f4806b3a643a276ea7922740dc873b"
"4.7-inch(684x1216)_ebook/main/common/ebook_engine.c","14019",".c","5f2b95c51188eb3aae2e6d62f68a7a236ec6d808cadcb65c2931f09b89ac04a1","Import","Vendor-authorized reference firmware","materials/reference-firmware/ebook/main/common/ebook_engine.c","5f2b95c51188eb3aae2e6d62f68a7a236ec6d808cadcb65c2931f09b89ac04a1"
"4.7-inch(684x1216)_ebook/main/common/ebook_engine.h","982",".h","2f0cc314e606c874dae9f826360068b0b4f3247c7a0f05a6ed88c84ee0373a5d","Import","Vendor-authorized reference firmware","materials/reference-firmware/ebook/main/common/ebook_engine.h","2f0cc314e606c874dae9f826360068b0b4f3247c7a0f05a6ed88c84ee0373a5d"
"4.7-inch(684x1216)_ebook/main/common/event_bus.c","282",".c","0c22d3e7901234e006947d7812ab02240d1b391287662cb36eb0e4bd80f33497","Import","Vendor-authorized reference firmware","materials/reference-firmware/ebook/main/common/event_bus.c","0c22d3e7901234e006947d7812ab02240d1b391287662cb36eb0e4bd80f33497"
"4.7-inch(684x1216)_ebook/main/common/event_bus.h","282",".h","58dc0cc9cfd4bf06c8685965b46d187b3c1f28cb5f628deaa3390916bf02303f","Import","Vendor-authorized reference firmware","materials/reference-firmware/ebook/main/common/event_bus.h","58dc0cc9cfd4bf06c8685965b46d187b3c1f28cb5f628deaa3390916bf02303f"
"4.7-inch(684x1216)_ebook/main/common/image_storage.c","7800",".c","ad7ec684df0cf406d45690ae58890610f9bc5cdf34f1ad904c9e49c74ac6895e","Import","Vendor-authorized reference firmware","materials/reference-firmware/ebook/main/common/image_storage.c","ad7ec684df0cf406d45690ae58890610f9bc5cdf34f1ad904c9e49c74ac6895e"
"4.7-inch(684x1216)_ebook/main/common/image_storage.h","897",".h","e313e7af482fc81c1d57ee0801df91ea0c1509d231ab4239c0fbb67cec5adb98","Import","Vendor-authorized reference firmware","materials/reference-firmware/ebook/main/common/image_storage.h","e313e7af482fc81c1d57ee0801df91ea0c1509d231ab4239c0fbb67cec5adb98"
"4.7-inch(684x1216)_ebook/main/common/key_manager.c","4349",".c","286eaa59ceb058c6cfb45638963260bfcbabc3f03c9b193fa797dc858033f443","Import","Vendor-authorized reference firmware","materials/reference-firmware/ebook/main/common/key_manager.c","286eaa59ceb058c6cfb45638963260bfcbabc3f03c9b193fa797dc858033f443"
"4.7-inch(684x1216)_ebook/main/common/key_manager.h","582",".h","e13fb110c7ae4a916c301249aea60c65b5ce38e505e26e37110834be8930a605","Import","Vendor-authorized reference firmware","materials/reference-firmware/ebook/main/common/key_manager.h","e13fb110c7ae4a916c301249aea60c65b5ce38e505e26e37110834be8930a605"
"4.7-inch(684x1216)_ebook/main/common/my_chinese_font.h","9710375",".h","319780fba3e4727c462aa4b31c4219dd32189aa20c9076da689e90ddc21f6436","Import","Vendor-authorized reference firmware","materials/reference-firmware/ebook/main/common/my_chinese_font.h","319780fba3e4727c462aa4b31c4219dd32189aa20c9076da689e90ddc21f6436"
"4.7-inch(684x1216)_ebook/main/common/simple_font.h","7040",".h","05493c7026048e9303a1a2858a6ce577b48132da7ffd4ff8cc34ef7c9e7d3441","Import","Vendor-authorized reference firmware","materials/reference-firmware/ebook/main/common/simple_font.h","05493c7026048e9303a1a2858a6ce577b48132da7ffd4ff8cc34ef7c9e7d3441"
"4.7-inch(684x1216)_ebook/main/common/ui_manager.c","21285",".c","00d94656740bc904b1673311ca9b29a3f976841bbfed2763e85290d824bb85af","Import","Vendor-authorized reference firmware","materials/reference-firmware/ebook/main/common/ui_manager.c","00d94656740bc904b1673311ca9b29a3f976841bbfed2763e85290d824bb85af"
"4.7-inch(684x1216)_ebook/main/common/ui_manager.h","612",".h","707ac13ae2afc61199ee1230c1f09a8a5fccf0b322146fca7b81b36fb0efd30e","Import","Vendor-authorized reference firmware","materials/reference-firmware/ebook/main/common/ui_manager.h","707ac13ae2afc61199ee1230c1f09a8a5fccf0b322146fca7b81b36fb0efd30e"
"4.7-inch(684x1216)_ebook/main/common/ui_theme.c","5209",".c","c4e5b3098f07aeac9f87e9acc8156209de92bc6fc6a900bafc98b432e1ef8b49","Import","Vendor-authorized reference firmware","materials/reference-firmware/ebook/main/common/ui_theme.c","c4e5b3098f07aeac9f87e9acc8156209de92bc6fc6a900bafc98b432e1ef8b49"
"4.7-inch(684x1216)_ebook/main/common/ui_theme.h","1879",".h","f1ee5b0fa601d824705fc295aff997b56a185978815788e95163469f12f74d5e","Import","Vendor-authorized reference firmware","materials/reference-firmware/ebook/main/common/ui_theme.h","f1ee5b0fa601d824705fc295aff997b56a185978815788e95163469f12f74d5e"
"4.7-inch(684x1216)_ebook/main/common/web_server.c","19881",".c","38a3d218ee33e33fcd47881900315a76cae00a38cff69daaea849bf7862374b6","Import","Vendor-authorized reference firmware","materials/reference-firmware/ebook/main/common/web_server.c","38a3d218ee33e33fcd47881900315a76cae00a38cff69daaea849bf7862374b6"
"4.7-inch(684x1216)_ebook/main/common/web_server.h","218",".h","a1c90764f4d32bb2ffa4692e60dd14b60f7d29b9bdf43472108c6859c5b543b5","Import","Vendor-authorized reference firmware","materials/reference-firmware/ebook/main/common/web_server.h","a1c90764f4d32bb2ffa4692e60dd14b60f7d29b9bdf43472108c6859c5b543b5"
"4.7-inch(684x1216)_ebook/main/common/wifi_config.h","221",".h","c436a7e8b956f96f1fec5a593e0070be9f813e9f65a47ef6498b308d7b47ae2d","Sanitize","Replace demo credentials with public placeholders","materials/reference-firmware/ebook/main/common/wifi_config.h","f1c33680678593161bdc88b4e36044cfe36d5ad7b23cda1feb652c461c65f839"
"4.7-inch(684x1216)_ebook/main/common/wifi_manager.c","5964",".c","09563cce7239acf0971637da0b83ce4c4df63849dc594058d3ddb83bdff3e6b7","Import","Vendor-authorized reference firmware","materials/reference-firmware/ebook/main/common/wifi_manager.c","09563cce7239acf0971637da0b83ce4c4df63849dc594058d3ddb83bdff3e6b7"
"4.7-inch(684x1216)_ebook/main/common/wifi_manager.h","306",".h","8613825c05ee0638d00fbdd33e307d57549cf6494b58501f0120d23fc992b8d4","Import","Vendor-authorized reference firmware","materials/reference-firmware/ebook/main/common/wifi_manager.h","8613825c05ee0638d00fbdd33e307d57549cf6494b58501f0120d23fc992b8d4"
"4.7-inch(684x1216)_ebook/main/dragon.h","4915595",".h","3b03d457529506ad17beef1172a936b06f6f81fe1661270e2bc3268d08e27065","Import","Vendor-authorized reference firmware","materials/reference-firmware/ebook/main/dragon.h","3b03d457529506ad17beef1172a936b06f6f81fe1661270e2bc3268d08e27065"
"4.7-inch(684x1216)_ebook/main/dragon.h.bak","7859711",".bak","13e319b9c38ecf73faf54e2b82212b390db4a68b419973f5847b5daef7ab4977","Exclude","Generated local unknown-origin or backup file","",""
"4.7-inch(684x1216)_ebook/main/factor_test.c","10779",".c","5daf2380aad2a8b6247671e58cc9a5e824a84d372decd8e2535ee609854cfe06","Import","Vendor-authorized reference firmware","materials/reference-firmware/ebook/main/factor_test.c","5daf2380aad2a8b6247671e58cc9a5e824a84d372decd8e2535ee609854cfe06"
"4.7-inch(684x1216)_ebook/main/factor_test.h","631",".h","7ad68bac8e14a307f1222fdb9e51a709d5fb8472292e49e7a4a574554da8621b","Import","Vendor-authorized reference firmware","materials/reference-firmware/ebook/main/factor_test.h","7ad68bac8e14a307f1222fdb9e51a709d5fb8472292e49e7a4a574554da8621b"
"4.7-inch(684x1216)_ebook/main/Kconfig.projbuild","386",".projbuild","0ed83c60d84ce59798b160c04ff565b28adcd859c1d5b564177b625117f319fc","Import","Vendor-authorized reference firmware","materials/reference-firmware/ebook/main/Kconfig.projbuild","0ed83c60d84ce59798b160c04ff565b28adcd859c1d5b564177b625117f319fc"
"4.7-inch(684x1216)_ebook/main/main.c","1803",".c","e1472bf5e37ec5a9f7ca8d7cd319ae50220ce985da78f35045afcf2a266c50cc","Import","Vendor-authorized reference firmware","materials/reference-firmware/ebook/main/main.c","e1472bf5e37ec5a9f7ca8d7cd319ae50220ce985da78f35045afcf2a266c50cc"
"4.7-inch(684x1216)_ebook/main/waveforms/my_waveform.c","572",".c","25803c1f7d8fd8d7126553f194b3ebcf0d434ecbd0cb757307c6ea48bedce3a4","Import","Vendor-authorized reference firmware","materials/reference-firmware/ebook/main/waveforms/my_waveform.c","25803c1f7d8fd8d7126553f194b3ebcf0d434ecbd0cb757307c6ea48bedce3a4"
"4.7-inch(684x1216)_ebook/main/waveforms/my_waveform.h","85",".h","6e45f0e8df25903e0b657679e56ec1f6b0e22f2d1497fcf19d197895d13ea61d","Import","Vendor-authorized reference firmware","materials/reference-firmware/ebook/main/waveforms/my_waveform.h","6e45f0e8df25903e0b657679e56ec1f6b0e22f2d1497fcf19d197895d13ea61d"
"4.7-inch(684x1216)_ebook/main/waveforms/my_waveform_du.h","7708",".h","d655fc27e436545fad9207d155a59a1232cbe4510dbcdb0f9dc8acc09ce05b08","Import","Vendor-authorized reference firmware","materials/reference-firmware/ebook/main/waveforms/my_waveform_du.h","d655fc27e436545fad9207d155a59a1232cbe4510dbcdb0f9dc8acc09ce05b08"
"4.7-inch(684x1216)_ebook/main/waveforms/my_waveform_gc.h","17509",".h","fc284d75d159d1224818e912100a75ef38126b1c6ae6ebfcb4f2c783e6c7b7b9","Import","Vendor-authorized reference firmware","materials/reference-firmware/ebook/main/waveforms/my_waveform_gc.h","fc284d75d159d1224818e912100a75ef38126b1c6ae6ebfcb4f2c783e6c7b7b9"
"4.7-inch(684x1216)_ebook/main/waveforms/my_waveform_gl.h","312",".h","4b3a95606892d795e9ecfd29cdeebf60772da7dae58ad5317908e24b257af237","Import","Vendor-authorized reference firmware","materials/reference-firmware/ebook/main/waveforms/my_waveform_gl.h","4b3a95606892d795e9ecfd29cdeebf60772da7dae58ad5317908e24b257af237"
"4.7-inch(684x1216)_ebook/partitions_16M.csv","341",".csv","8bab5233154ecbd9b1dd8b2b616218a690dd69e8ed3de0f145aaa86ecb507813","Import","Vendor-authorized reference firmware","materials/reference-firmware/ebook/partitions_16M.csv","8bab5233154ecbd9b1dd8b2b616218a690dd69e8ed3de0f145aaa86ecb507813"
"4.7-inch(684x1216)_ebook/pictures/downloaded-image.png","3675725",".png","ce546ecc069989b3fd5e1ff3099d54e5bb8e5e134d47d4f85bd1231734990576","Exclude","Generated local unknown-origin or backup file","",""
"4.7-inch(684x1216)_ebook/sdkconfig","90209","","767fc3f06ece026f643a5e9a37e51a62830f6a21b4cc46585879aa31e8b4b843","Exclude","Generated local unknown-origin or backup file","",""
"4.7-inch(684x1216)_ebook/sdkconfig.defaults","41946",".defaults","49059527c73b49536cedf13cf7b1ba128c46e98faad89e97b5100d400a4fe1b8","Import","Vendor-authorized reference firmware","materials/reference-firmware/ebook/sdkconfig.defaults","49059527c73b49536cedf13cf7b1ba128c46e98faad89e97b5100d400a4fe1b8"
"4.7-inch(684x1216)_ebook/sdkconfig.old","71812",".old","0506fd62fad8ffd7dfb3fd9d20eed9eca6abb9629d80098bd7d58af45a263b26","Exclude","Generated local unknown-origin or backup file","",""
"4.7-inch(684x1216)_ebook/tools/gen_chinese_font.py","4039",".py","0d93cb233ee2b838224e762c792eb6accbf59608798b58d7d29673626bb346a9","Import","Vendor-authorized reference firmware","materials/reference-firmware/ebook/tools/gen_chinese_font.py","0d93cb233ee2b838224e762c792eb6accbf59608798b58d7d29673626bb346a9"
"4.7-inch(684x1216)_ebook/tools/gen_epd_images.py","6776",".py","c0df98718d2784082a7a5c3ca8ae94a28550e5f97c3a0e843fb5711284d76d7a","Import","Vendor-authorized reference firmware","materials/reference-firmware/ebook/tools/gen_epd_images.py","c0df98718d2784082a7a5c3ca8ae94a28550e5f97c3a0e843fb5711284d76d7a"
"E0470A01-AF-CF(A) 260713-1.dwg","257088",".dwg","bbc464f67f10270dfa7ac8b0f3c02448428fa82743555f0edad71a75bddc2fbf","Import","Vendor-authorized hardware document","materials/vendor/mechanical/E0470A01-AF-CF-A-260713-1.dwg","bbc464f67f10270dfa7ac8b0f3c02448428fa82743555f0edad71a75bddc2fbf"
"E0470A01-AF-CF(A) 260713-1.pdf","167067",".pdf","4f447f589b8f39e11dcb720af429c6e245b1e864e7fcb1768ff6a8ef4ced17a1","Import","Vendor-authorized hardware document","materials/vendor/mechanical/E0470A01-AF-CF-A-260713-1.pdf","4f447f589b8f39e11dcb720af429c6e245b1e864e7fcb1768ff6a8ef4ced17a1"
"epdiy-upstream/.clang-format","302",".clang-format","8fc413c2f606cb07b4cd805f5d0a29381e84ec31da473bf1e8d8412efec2a445","Exclude","Upstream repository is referenced by URL and commit instead of duplicated","",""
"epdiy-upstream/.git/config","301","","fb1b2dbf02679d520a2b9c0c41383b1d8a966c10178235714d38b6fd54d21530","Exclude","Upstream repository is referenced by URL and commit instead of duplicated","",""
"epdiy-upstream/.git/description","73","","85ab6c163d43a17ea9cf7788308bca1466f1b0a8d1cc92e26e9bf63da4062aee","Exclude","Upstream repository is referenced by URL and commit instead of duplicated","",""
"epdiy-upstream/.git/HEAD","21","","28d25bf82af4c0e2b72f50959b2beb859e3e60b9630a5e8c603dad4ddb2b6e80","Exclude","Upstream repository is referenced by URL and commit instead of duplicated","",""
"epdiy-upstream/.git/hooks/applypatch-msg.sample","478",".sample","0223497a0b8b033aa58a3a521b8629869386cf7ab0e2f101963d328aa62193f7","Exclude","Upstream repository is referenced by URL and commit instead of duplicated","",""
"epdiy-upstream/.git/hooks/commit-msg.sample","896",".sample","1f74d5e9292979b573ebd59741d46cb93ff391acdd083d340b94370753d92437","Exclude","Upstream repository is referenced by URL and commit instead of duplicated","",""
"epdiy-upstream/.git/hooks/fsmonitor-watchman.sample","4726",".sample","e0549964e93897b519bd8e333c037e51fff0f88ba13e086a331592bf801fa1d0","Exclude","Upstream repository is referenced by URL and commit instead of duplicated","",""
"epdiy-upstream/.git/hooks/post-update.sample","189",".sample","81765af2daef323061dcbc5e61fc16481cb74b3bac9ad8a174b186523586f6c5","Exclude","Upstream repository is referenced by URL and commit instead of duplicated","",""
"epdiy-upstream/.git/hooks/pre-applypatch.sample","424",".sample","e15c5b469ea3e0a695bea6f2c82bcf8e62821074939ddd85b77e0007ff165475","Exclude","Upstream repository is referenced by URL and commit instead of duplicated","",""
"epdiy-upstream/.git/hooks/pre-commit.sample","1649",".sample","57185b7b9f05239d7ab52db045f5b89eb31348d7b2177eab214f5eb872e1971b","Exclude","Upstream repository is referenced by URL and commit instead of duplicated","",""
"epdiy-upstream/.git/hooks/pre-merge-commit.sample","416",".sample","d3825a70337940ebbd0a5c072984e13245920cdf8898bd225c8d27a6dfc9cb53","Exclude","Upstream repository is referenced by URL and commit instead of duplicated","",""
"epdiy-upstream/.git/hooks/prepare-commit-msg.sample","1492",".sample","e9ddcaa4189fddd25ed97fc8c789eca7b6ca16390b2392ae3276f0c8e1aa4619","Exclude","Upstream repository is referenced by URL and commit instead of duplicated","",""
"epdiy-upstream/.git/hooks/pre-push.sample","1374",".sample","ecce9c7e04d3f5dd9d8ada81753dd1d549a9634b26770042b58dda00217d086a","Exclude","Upstream repository is referenced by URL and commit instead of duplicated","",""
"epdiy-upstream/.git/hooks/pre-rebase.sample","4898",".sample","4febce867790052338076f4e66cc47efb14879d18097d1d61c8261859eaaa7b3","Exclude","Upstream repository is referenced by URL and commit instead of duplicated","",""
"epdiy-upstream/.git/hooks/pre-receive.sample","544",".sample","a4c3d2b9c7bb3fd8d1441c31bd4ee71a595d66b44fcf49ddb310252320169989","Exclude","Upstream repository is referenced by URL and commit instead of duplicated","",""
"epdiy-upstream/.git/hooks/push-to-checkout.sample","2783",".sample","a53d0741798b287c6dd7afa64aee473f305e65d3f49463bb9d7408ec3b12bf5f","Exclude","Upstream repository is referenced by URL and commit instead of duplicated","",""
"epdiy-upstream/.git/hooks/sendemail-validate.sample","2308",".sample","44ebfc923dc5466bc009602f0ecf067b9c65459abfe8868ddc49b78e6ced7a92","Exclude","Upstream repository is referenced by URL and commit instead of duplicated","",""
"epdiy-upstream/.git/hooks/update.sample","3650",".sample","8d5f2fa83e103cf08b57eaa67521df9194f45cbdbcb37da52ad586097a14d106","Exclude","Upstream repository is referenced by URL and commit instead of duplicated","",""
"epdiy-upstream/.git/index","29196","","a77b9fda7973c57d9dce77075682ef2776b6e58f8a9479f0389adc9f2de674f5","Exclude","Upstream repository is referenced by URL and commit instead of duplicated","",""
"epdiy-upstream/.git/info/exclude","240","","6671fe83b7a07c8932ee89164d1f2793b2318058eb8b98dc5c06ee0a5a3b0ec1","Exclude","Upstream repository is referenced by URL and commit instead of duplicated","",""
"epdiy-upstream/.git/logs/HEAD","174","","e49d86d68b3f6723830a8f4862b840de303dcca15fe9da5809096785ba854967","Exclude","Upstream repository is referenced by URL and commit instead of duplicated","",""
"epdiy-upstream/.git/logs/refs/heads/main","174","","e49d86d68b3f6723830a8f4862b840de303dcca15fe9da5809096785ba854967","Exclude","Upstream repository is referenced by URL and commit instead of duplicated","",""
"epdiy-upstream/.git/logs/refs/remotes/origin/HEAD","174","","e49d86d68b3f6723830a8f4862b840de303dcca15fe9da5809096785ba854967","Exclude","Upstream repository is referenced by URL and commit instead of duplicated","",""
"epdiy-upstream/.git/objects/pack/pack-7ece95f4e0294a092be022bf4f2b19ac69ae949a.idx","9584",".idx","5b67c61f9774775b7c96cb6231c0a7a41946b4d90d788d4deb3439177c4d9da5","Exclude","Upstream repository is referenced by URL and commit instead of duplicated","",""
"epdiy-upstream/.git/objects/pack/pack-7ece95f4e0294a092be022bf4f2b19ac69ae949a.pack","18724982",".pack","2d7f3cce99fa80b2be99193f75ca6b3424a2b86722c2aa0ad605ceb13831187d","Exclude","Upstream repository is referenced by URL and commit instead of duplicated","",""
"epdiy-upstream/.git/objects/pack/pack-7ece95f4e0294a092be022bf4f2b19ac69ae949a.rev","1268",".rev","d6ce25fb22d480bfa31e90e15fe5fba7ad48311d19c6647a83ec5783cf20b855","Exclude","Upstream repository is referenced by URL and commit instead of duplicated","",""
"epdiy-upstream/.git/packed-refs","112","","58929dc115729c9765b7b37ed00fef621a75eb2767a355237228435bc4a82a63","Exclude","Upstream repository is referenced by URL and commit instead of duplicated","",""
"epdiy-upstream/.git/refs/heads/main","41","","eb754b1be9c958ee0a32247ceb2b2668851555689dea803d7374905757a7c9e5","Exclude","Upstream repository is referenced by URL and commit instead of duplicated","",""
"epdiy-upstream/.git/refs/remotes/origin/HEAD","30","","2bb6a24aa0fc6c484100f5d51a29bbad841cd2c755f5d93faa204e5dbb4eb2b4","Exclude","Upstream repository is referenced by URL and commit instead of duplicated","",""
"epdiy-upstream/.git/shallow","41","","eb754b1be9c958ee0a32247ceb2b2668851555689dea803d7374905757a7c9e5","Exclude","Upstream repository is referenced by URL and commit instead of duplicated","",""
"epdiy-upstream/.github/workflows/main.yml","3045",".yml","5587d78736cfa4a28d52fa69061f388a3265e2eb9ad98782a131fb2d7ad5e866","Exclude","Upstream repository is referenced by URL and commit instead of duplicated","",""
"epdiy-upstream/.gitignore","421",".gitignore","952e1cb755ae3891c77934d751c0ac7267289242d3f1d9e26d0f63823bfd4cd1","Exclude","Upstream repository is referenced by URL and commit instead of duplicated","",""
"epdiy-upstream/.readthedocs.yml","564",".yml","4031d8aca627aae1be47576aa577d50dbe566e84be8ad5fae4f76898597de59e","Exclude","Upstream repository is referenced by URL and commit instead of duplicated","",""
"epdiy-upstream/CMakeLists.txt","2702",".txt","53f43d3944496a7d4ebdbab11e2aa471f5e7b177690289848223d2fd9ad8b1a9","Exclude","Upstream repository is referenced by URL and commit instead of duplicated","",""
"epdiy-upstream/doc/Doxyfile","12032","","95c41d28a0d53c1f637fd6a58e9ec4b8ee8a6050b693e1bfb871932b6f4469ac","Exclude","Upstream repository is referenced by URL and commit instead of duplicated","",""
"epdiy-upstream/doc/html/bc_s.png","676",".png","9e7ed0ef70f99bb7f763a48ddd95d5990e103bb145eedfd0a76d19c122374be2","Exclude","Upstream repository is referenced by URL and commit instead of duplicated","",""
"epdiy-upstream/doc/html/bdwn.png","147",".png","782b30d237bdbeddfde4aed01f007264cc116b2d4be2f398a7cb74ec7a5bc58b","Exclude","Upstream repository is referenced by URL and commit instead of duplicated","",""
"epdiy-upstream/doc/html/closed.png","132",".png","c98c02adc57337f58c40aae15bbac05a3ccb364e5adb1d610a16452e92f17830","Exclude","Upstream repository is referenced by URL and commit instead of duplicated","",""
"epdiy-upstream/doc/html/doc.png","746",".png","5cd4cb41607a30d7820cc20ea76b4a3b8f57d3d2b7d102b58c8e13ad95e83aa1","Exclude","Upstream repository is referenced by URL and commit instead of duplicated","",""
"epdiy-upstream/doc/html/doxygen.css","32874",".css","a9bf6a6c40e0de691becfe38de4353c553bbe886ae7722f9d5151d00c49a766b","Exclude","Upstream repository is referenced by URL and commit instead of duplicated","",""
"epdiy-upstream/doc/html/doxygen.png","3779",".png","6973a2aae66bbb99f2b57f2ef160182825fa5305444511ca1eca4e1b0b38528b","Exclude","Upstream repository is referenced by URL and commit instead of duplicated","",""
"epdiy-upstream/doc/html/dynsections.js","4206",".js","5e0ecfd005a031c02f99626c308f13ddacfcd92c8fc121b77549463fba9b257f","Exclude","Upstream repository is referenced by URL and commit instead of duplicated","",""
"epdiy-upstream/doc/html/folderclosed.png","616",".png","a6ca13a1c87edcfbfc91317896452c31a9d49c4768f1b4b46ac32e0907e00a73","Exclude","Upstream repository is referenced by URL and commit instead of duplicated","",""
"epdiy-upstream/doc/html/folderopen.png","597",".png","680166339ff62595dd2d2eed3a79fb9fa0c2e8250e89539f6d678aa2e5e51e26","Exclude","Upstream repository is referenced by URL and commit instead of duplicated","",""
"epdiy-upstream/doc/html/index.html","2910",".html","b2b075b45a4ac7bc5a1fd5a41dc0b4ae2ac24d147164ad404eb4e866aa7facde","Exclude","Upstream repository is referenced by URL and commit instead of duplicated","",""
"epdiy-upstream/doc/html/jquery.js","175491",".js","4ef9c0839c5c6304e482eef92253f760c3cb2bb430d7d9fe0d28aebdba79867d","Exclude","Upstream repository is referenced by URL and commit instead of duplicated","",""
"epdiy-upstream/doc/html/menu.js","2906",".js","60f8e0cbcc5e1f80615b71a85ea4e175f586201ac8f0ddfac24988aac212ddbd","Exclude","Upstream repository is referenced by URL and commit instead of duplicated","",""
"epdiy-upstream/doc/html/menudata.js","938",".js","b0beede5cb2daf0998f090c18a5bbbcc3bc847e827cbe70dc5a73cc5c5edfbdf","Exclude","Upstream repository is referenced by URL and commit instead of duplicated","",""
"epdiy-upstream/doc/html/nav_f.png","153",".png","4bdc6a72666e1b300fdfc5ecf102714c9fd57df76fdf47139f8dbf8ae5986364","Exclude","Upstream repository is referenced by URL and commit instead of duplicated","",""
"epdiy-upstream/doc/html/nav_g.png","95",".png","3171164c16baa5953c17821a7ce5feac673c05a56b287453ce3a0bf5048f0999","Exclude","Upstream repository is referenced by URL and commit instead of duplicated","",""
"epdiy-upstream/doc/html/nav_h.png","98",".png","b7711604d6cdeaf3cdfd661fa21fc5bf18de929671c801f00415eaecd35abda3","Exclude","Upstream repository is referenced by URL and commit instead of duplicated","",""
"epdiy-upstream/doc/html/open.png","123",".png","a04665e9dd0ef5ef2c6ddf02b4a12472984485adb027fd12ae6c60ffd203b1a4","Exclude","Upstream repository is referenced by URL and commit instead of duplicated","",""
"epdiy-upstream/doc/html/search/close.png","273",".png","f6eb1d3449c4157f13cba9fea540652efca373c12cbec11d43e7e458364e747e","Exclude","Upstream repository is referenced by URL and commit instead of duplicated","",""
"epdiy-upstream/doc/html/search/mag_sel.png","465",".png","a4f4b2ca8687c4f9389cf9e4f032639c474413193de6cae8e6f90e2fdeecb3f3","Exclude","Upstream repository is referenced by URL and commit instead of duplicated","",""
"epdiy-upstream/doc/html/search/nomatches.html","474",".html","9f88e58b6c0856fa156497077862c0d8cc822f2c7ec74fbd7e3881cd62710f45","Exclude","Upstream repository is referenced by URL and commit instead of duplicated","",""
"epdiy-upstream/doc/html/search/search.css","4731",".css","cf15d92a2d82d1cfc638a633ece07f95244e804d13e118cb82f3b52627f56a48","Exclude","Upstream repository is referenced by URL and commit instead of duplicated","",""
"epdiy-upstream/doc/html/search/search.js","23886",".js","313ec9a9e08f1a1c986e3bbd0768bf179d6fe05270a4218613ed0dfb5b7bc12f","Exclude","Upstream repository is referenced by URL and commit instead of duplicated","",""
"epdiy-upstream/doc/html/search/search_l.png","567",".png","c0f25b1e48a19fbefb9a69a3fd7d6fc2da3ac9451e7ae117e94eef8b7d69a563","Exclude","Upstream repository is referenced by URL and commit instead of duplicated","",""
"epdiy-upstream/doc/html/search/search_m.png","158",".png","1b8441a9427d3b320d912c210a5f238a71b13e6d2f26de7e98b36dce58d7b68f","Exclude","Upstream repository is referenced by URL and commit instead of duplicated","",""
"epdiy-upstream/doc/html/search/search_r.png","553",".png","7182c37ecd6b1466b89b0193a81dcb98812104358d67c68f92c6199bbbf8c206","Exclude","Upstream repository is referenced by URL and commit instead of duplicated","",""
"epdiy-upstream/doc/html/search/searchdata.js","110",".js","c207e78cc9454069bad06b006ba782e04890724406903c7d06675befe917b074","Exclude","Upstream repository is referenced by URL and commit instead of duplicated","",""
"epdiy-upstream/doc/html/splitbar.png","314",".png","1c555557ca84ba3598f52c281780dd7e22655db21ac383712e62d4540a1bc525","Exclude","Upstream repository is referenced by URL and commit instead of duplicated","",""
"epdiy-upstream/doc/html/sync_off.png","853",".png","39bcba0c183ec442cc90fe27a2dbafd4e1c791aff374b5326ba16880a16d9826","Exclude","Upstream repository is referenced by URL and commit instead of duplicated","",""
"epdiy-upstream/doc/html/sync_on.png","845",".png","9abb731904dd1f8eb00aaea66bfef72d5252931d84cc01cfabde3bea854b5b14","Exclude","Upstream repository is referenced by URL and commit instead of duplicated","",""
"epdiy-upstream/doc/html/tab_a.png","142",".png","5ddd37bdced843340e0679b6b4e7ed2fe318fd0cef76d160543722e0c3eac11f","Exclude","Upstream repository is referenced by URL and commit instead of duplicated","",""
"epdiy-upstream/doc/html/tab_b.png","169",".png","901ae15db25905dca7a17b81c6d51869fd12ea569fc4b072d217786b4b4d73bd","Exclude","Upstream repository is referenced by URL and commit instead of duplicated","",""
"epdiy-upstream/doc/html/tab_h.png","177",".png","e4b9bd9425bc87b33d6b1911e6398673939aa2f15ac505b9a1ab029b8452dd08","Exclude","Upstream repository is referenced by URL and commit instead of duplicated","",""
"epdiy-upstream/doc/html/tab_s.png","184",".png","69f392daa28adc942272615ff2db16bcf084f01ec9fcc2f7f6a632b2bba8c468","Exclude","Upstream repository is referenced by URL and commit instead of duplicated","",""
"epdiy-upstream/doc/html/tabs.css","9184",".css","08eca7e89f3dd9ff7f60ea1071450bcc0ac8caa41d5a3cf5bd589eba2f318201","Exclude","Upstream repository is referenced by URL and commit instead of duplicated","",""
"epdiy-upstream/doc/latex/doxygen.sty","14915",".sty","f7cc341cd397af81c9628e22396cc5f13c8ae82e5f4feab58174759d7887d94c","Exclude","Upstream repository is referenced by URL and commit instead of duplicated","",""
"epdiy-upstream/doc/latex/longtable_doxygen.sty","12676",".sty","a9c367f9e481f0b5ea4d884bef76d2cf903948a69719f6fd8b0d5b19572e934f","Exclude","Upstream repository is referenced by URL and commit instead of duplicated","",""
"epdiy-upstream/doc/latex/Makefile","567","","7aaf4db08026aa114cefcee8131cddb3dd36ce903ccf35c9adefd5945041f925","Exclude","Upstream repository is referenced by URL and commit instead of duplicated","",""
"epdiy-upstream/doc/latex/refman.tex","4867",".tex","1e229d730d5948f0334ef966e9e13aa40b28f4298819c0a583f0404a675a23ca","Exclude","Upstream repository is referenced by URL and commit instead of duplicated","",""
"epdiy-upstream/doc/latex/tabu_doxygen.sty","117547",".sty","fce25d868fd17600f42db6a8bd674fdbc04e9ce4d73d4860f9741b0422abc39d","Exclude","Upstream repository is referenced by URL and commit instead of duplicated","",""
"epdiy-upstream/doc/make.bat","814",".bat","6b03f6ff09cc5d94f95f9ce948b71d9c8fbd84389a817af9771f1f7a843591d6","Exclude","Upstream repository is referenced by URL and commit instead of duplicated","",""
"epdiy-upstream/doc/Makefile","696","","695320b9c0cf4556d700d92a752842cb3207b8b5788956dc3ba6a8b3d09e42f8","Exclude","Upstream repository is referenced by URL and commit instead of duplicated","",""
"epdiy-upstream/doc/requirements.txt","46",".txt","ac7cc4afc132d4ac28b8c3e37cf05739838c5879e8758dd30f4434fb074b385b","Exclude","Upstream repository is referenced by URL and commit instead of duplicated","",""
"epdiy-upstream/doc/source/about.rst","1954",".rst","19959fd1b220c8182cd4cf68d5a89dd5c2fcae074a58fcb89211ad928a88d43b","Exclude","Upstream repository is referenced by URL and commit instead of duplicated","",""
"epdiy-upstream/doc/source/api.rst","318",".rst","c739569855eea0467548416c1b5b81e8774c60cde67cb09c47afed72ef94f407","Exclude","Upstream repository is referenced by URL and commit instead of duplicated","",""
"epdiy-upstream/doc/source/conf.py","2308",".py","06fb65e189c64f2dd9b6737f816a38d858526278a0075b606d7b0c48cf85f4ad","Exclude","Upstream repository is referenced by URL and commit instead of duplicated","",""
"epdiy-upstream/doc/source/filegen.rst","5367",".rst","f43a57c57344cea60097ae6959dcb1d5c1419df6712597eb8559dd0afc05f594","Exclude","Upstream repository is referenced by URL and commit instead of duplicated","",""
"epdiy-upstream/doc/source/getting_started.rst","5601",".rst","bb11652d3a3a3c369ea501362322165cf18be9a1a7a896544de65b46956d11a2","Exclude","Upstream repository is referenced by URL and commit instead of duplicated","",""
"epdiy-upstream/doc/source/img/board_p1.jpg","1089270",".jpg","b227954e4b13da4d1cdce42a0ae4a9dd8f4e9074796f49960e3126b56a30325f","Exclude","Upstream repository is referenced by URL and commit instead of duplicated","",""
"epdiy-upstream/doc/source/img/board_p2.jpg","1397208",".jpg","dfac007c5f0a2dee46ff4f2e906aef1ca7ad807c92c01c63db15cc169803488e","Exclude","Upstream repository is referenced by URL and commit instead of duplicated","",""
"epdiy-upstream/doc/source/img/demo.jpg","1617103",".jpg","5b9bbe439e9d45bb2352aa405f63b951de1f835aeed0bf8e365f89197546b67a","Exclude","Upstream repository is referenced by URL and commit instead of duplicated","",""
"epdiy-upstream/doc/source/img/ed060sc4.jpg","2821490",".jpg","ca82cad315c77fe750f277872245991169b97cc6497f31aada501b30460cfdbf","Exclude","Upstream repository is referenced by URL and commit instead of duplicated","",""
"epdiy-upstream/doc/source/img/ed097oc4.jpg","1610183",".jpg","1127b6db8bb9c7885087e84e0b559c5ea165613e34156be8c2d83840d2ce14a2","Exclude","Upstream repository is referenced by URL and commit instead of duplicated","",""
"epdiy-upstream/doc/source/img/ed097tc2.jpg","1488181",".jpg","914e4cf887417268cfe91d767276d1dea3ce3319fafd0f40e5779e22e34d2055","Exclude","Upstream repository is referenced by URL and commit instead of duplicated","",""
"epdiy-upstream/doc/source/img/hardware_page.png","352651",".png","446d7ec4cbed1288fc1d11147e7921cd83bb8c9daecb85180beecd24bbeba230","Exclude","Upstream repository is referenced by URL and commit instead of duplicated","",""
"epdiy-upstream/doc/source/img/v6.jpg","2325920",".jpg","e2b05ffb042ed6ec3f2c8b6eeefc97e4fdc2e16c1e0b9edc10b03ab0916983f9","Exclude","Upstream repository is referenced by URL and commit instead of duplicated","",""
"epdiy-upstream/doc/source/img/vcom.jpg","43435",".jpg","37712ef0074b81bbb65bb186d8e5f27027fdc3ee9f6eaa4a4192618ded59e151","Exclude","Upstream repository is referenced by URL and commit instead of duplicated","",""
"epdiy-upstream/doc/source/img/vcom_opamp.jpg","560013",".jpg","44fbb4d700378871a9e46e27f18be7b08e435eb615b93447d7a9c106096cf1d7","Exclude","Upstream repository is referenced by URL and commit instead of duplicated","",""
"epdiy-upstream/doc/source/img/vcom_tp.jpg","1496286",".jpg","0c2bdc3e2e3751c4b5490490e33fbf613ff9bfc87dbbcd41238194146ac86573","Exclude","Upstream repository is referenced by URL and commit instead of duplicated","",""
"epdiy-upstream/doc/source/index.rst","1363",".rst","fde0f0ad39db2164d7fc0ffa5bfc94392ea56ffc74ee26e37f6aad39f85857fa","Exclude","Upstream repository is referenced by URL and commit instead of duplicated","",""
"epdiy-upstream/doc/source/tips.rst","1572",".rst","9c9b77be0dd3b0049f886aeb77099866719738a808340b71f40e1367f7377a5c","Exclude","Upstream repository is referenced by URL and commit instead of duplicated","",""
"epdiy-upstream/examples/calibration_helper/CMakeLists.txt","161",".txt","1b98a6cb8f5ebd549c1616353531adb35ec956ed2b9dcfa4a02191704604c65f","Exclude","Upstream repository is referenced by URL and commit instead of duplicated","",""
"epdiy-upstream/examples/calibration_helper/main/CMakeLists.txt","89",".txt","420a97881b10d3555375965595ee3cf7c082bd5fe0b4e601f0283f9254802557","Exclude","Upstream repository is referenced by URL and commit instead of duplicated","",""
"epdiy-upstream/examples/calibration_helper/main/main.c","1049",".c","1f6262a144761a26e35c8d6e1912b1f911259ee765dc0802c42a67a7e8eb4f6b","Exclude","Upstream repository is referenced by URL and commit instead of duplicated","",""
"epdiy-upstream/examples/calibration_helper/sdkconfig.defaults","0",".defaults","e3b0c44298fc1c149afbf4c8996fb92427ae41e4649b934ca495991b7852b855","Exclude","Upstream repository is referenced by URL and commit instead of duplicated","",""
"epdiy-upstream/examples/calibration_helper/sdkconfig.defaults.esp32","44944",".esp32","c3530fab6056bd189d7eb6906f965e35241ad34ffa40efb2bca680341d0fe309","Exclude","Upstream repository is referenced by URL and commit instead of duplicated","",""
"epdiy-upstream/examples/calibration_helper/sdkconfig.defaults.esp32s3","43453",".esp32s3","4384710a2ef9c6778032cfe55c2eefd77468917ef1707208b84737acb5495c30","Exclude","Upstream repository is referenced by URL and commit instead of duplicated","",""
"epdiy-upstream/examples/demo/CMakeLists.txt","146",".txt","0d06ed5007fac26c0a2f39d078d6a671bdd84344098e438fd25076af75c1c031","Exclude","Upstream repository is referenced by URL and commit instead of duplicated","",""
"epdiy-upstream/examples/demo/files/beach.jpg","90311",".jpg","809875a1b1bfd11fe95b9f7710be13c58cbc63d220824bbe8573f9d91d65b407","Exclude","Upstream repository is referenced by URL and commit instead of duplicated","",""
"epdiy-upstream/examples/demo/files/board.jpg","86133",".jpg","a84d3bb747caa5548952f44c8a455987faebdc0e578989d8e1142b3bb1e5cd6d","Exclude","Upstream repository is referenced by URL and commit instead of duplicated","",""
"epdiy-upstream/examples/demo/files/giraffe.jpg","46575",".jpg","401c937e576ab9eafcad0f194253f669841ac85060ef203d45496bce002fb261","Exclude","Upstream repository is referenced by URL and commit instead of duplicated","",""
"epdiy-upstream/examples/demo/files/zebra.jpg","145124",".jpg","1b7036cad2ebdf895740392e8eb2435e412fb24243b23f122a32f641dcf0682b","Exclude","Upstream repository is referenced by URL and commit instead of duplicated","",""
"epdiy-upstream/examples/demo/main/CMakeLists.txt","271",".txt","9c2289b9a4a966b733d538571d9e17abe2f45f4cd7d27736e9663a01f26d4a11","Exclude","Upstream repository is referenced by URL and commit instead of duplicated","",""
"epdiy-upstream/examples/demo/main/firasans_12.h","753667",".h","a66e260440b1bdb38421ba49e8aa53ff6fc406524f326298ca0f785d59580545","Exclude","Upstream repository is referenced by URL and commit instead of duplicated","",""
"epdiy-upstream/examples/demo/main/firasans_20.h","1288546",".h","311c16e5a04d27b6103f0882ceab05d74b5a15b3da3b9a610261e2a0e5b2134d","Exclude","Upstream repository is referenced by URL and commit instead of duplicated","",""
"epdiy-upstream/examples/demo/main/img_beach.h","1136386",".h","93f2193387bd1323279978ba2b681d06eac8f234298b9eefd9ef1bdd176e3e10","Exclude","Upstream repository is referenced by URL and commit instead of duplicated","",""
"epdiy-upstream/examples/demo/main/img_board.h","875049",".h","7c440a51c599916da4709a9525faeb42cd5775b13889b28bd339b2ddb291d17f","Exclude","Upstream repository is referenced by URL and commit instead of duplicated","",""
"epdiy-upstream/examples/demo/main/img_zebra.h","930308",".h","658f2adcb5c26678bd4d185800a03d6d1c0e3d206b8bdbfc043584ae097df628","Exclude","Upstream repository is referenced by URL and commit instead of duplicated","",""
"epdiy-upstream/examples/demo/main/main.c","7614",".c","488feb2b3920a3012492f4d7645c3a03233423c51b3e9442721084a8cf1105d3","Exclude","Upstream repository is referenced by URL and commit instead of duplicated","",""
"epdiy-upstream/examples/demo/main/main.ino","793",".ino","05ea4ad8026caee7cf398330680196c371797bdc9bd4c927c7a7fcd595c51f21","Exclude","Upstream repository is referenced by URL and commit instead of duplicated","",""
"epdiy-upstream/examples/demo/Makefile","529","","73523fd1b475275fefaeb143cb984fa1b49e396391ab007041ba27857e0022d7","Exclude","Upstream repository is referenced by URL and commit instead of duplicated","",""
"epdiy-upstream/examples/demo/sdkconfig.defaults","0",".defaults","e3b0c44298fc1c149afbf4c8996fb92427ae41e4649b934ca495991b7852b855","Exclude","Upstream repository is referenced by URL and commit instead of duplicated","",""
"epdiy-upstream/examples/demo/sdkconfig.defaults.esp32","44944",".esp32","c3530fab6056bd189d7eb6906f965e35241ad34ffa40efb2bca680341d0fe309","Exclude","Upstream repository is referenced by URL and commit instead of duplicated","",""
"epdiy-upstream/examples/demo/sdkconfig.defaults.esp32s3","43453",".esp32s3","4384710a2ef9c6778032cfe55c2eefd77468917ef1707208b84737acb5495c30","Exclude","Upstream repository is referenced by URL and commit instead of duplicated","",""
"epdiy-upstream/examples/dragon/cc_dragon.jpg","217498",".jpg","b03c16ea502e114b329b24abab9e18154e18a19ede8333d851b35bab611ea816","Exclude","Upstream repository is referenced by URL and commit instead of duplicated","",""
"epdiy-upstream/examples/dragon/CMakeLists.txt","152",".txt","0c471630e7c546b488f53bed3912c2cf7124abb60cf58d0ea50151eaf1e58d29","Exclude","Upstream repository is referenced by URL and commit instead of duplicated","",""
"epdiy-upstream/examples/dragon/main/CMakeLists.txt","89",".txt","420a97881b10d3555375965595ee3cf7c082bd5fe0b4e601f0283f9254802557","Exclude","Upstream repository is referenced by URL and commit instead of duplicated","",""
"epdiy-upstream/examples/dragon/main/dragon.h","3124817",".h","c5901d312a56cfbacd21ef48b6c729de93c962d6a509ee4c21d68be3d117731c","Exclude","Upstream repository is referenced by URL and commit instead of duplicated","",""
"epdiy-upstream/examples/dragon/main/main.c","1178",".c","e1464eb81ccb425f71cef1c3ecd8fab69b969c1e0a9cde1b0e1bcca9690c4d53","Exclude","Upstream repository is referenced by URL and commit instead of duplicated","",""
"epdiy-upstream/examples/dragon/main/main.ino","793",".ino","05ea4ad8026caee7cf398330680196c371797bdc9bd4c927c7a7fcd595c51f21","Exclude","Upstream repository is referenced by URL and commit instead of duplicated","",""
"epdiy-upstream/examples/dragon/README.md","287",".md","a5c5a445437e796e95329a9b8e5d8a6e79f44bd06331810ad41988fd8c5f2ffa","Exclude","Upstream repository is referenced by URL and commit instead of duplicated","",""
"epdiy-upstream/examples/dragon/sdkconfig.defaults","0",".defaults","e3b0c44298fc1c149afbf4c8996fb92427ae41e4649b934ca495991b7852b855","Exclude","Upstream repository is referenced by URL and commit instead of duplicated","",""
"epdiy-upstream/examples/dragon/sdkconfig.defaults.esp32","44944",".esp32","c3530fab6056bd189d7eb6906f965e35241ad34ffa40efb2bca680341d0fe309","Exclude","Upstream repository is referenced by URL and commit instead of duplicated","",""
"epdiy-upstream/examples/dragon/sdkconfig.defaults.esp32s3","43453",".esp32s3","4384710a2ef9c6778032cfe55c2eefd77468917ef1707208b84737acb5495c30","Exclude","Upstream repository is referenced by URL and commit instead of duplicated","",""
"epdiy-upstream/examples/fb_mode_test/CMakeLists.txt","146",".txt","0d06ed5007fac26c0a2f39d078d6a671bdd84344098e438fd25076af75c1c031","Exclude","Upstream repository is referenced by URL and commit instead of duplicated","",""
"epdiy-upstream/examples/fb_mode_test/main/CMakeLists.txt","128",".txt","62ee5443b2f8076bb5a4ae5734b06b0f62ac9a188ff2d6f63ccfe6ed513a5e79","Exclude","Upstream repository is referenced by URL and commit instead of duplicated","",""
"epdiy-upstream/examples/fb_mode_test/main/main.c","6919",".c","cdeae51d33b36d32cd91029042be13ca87ee5bb8bf7e9a6b005f47de3680cbc6","Exclude","Upstream repository is referenced by URL and commit instead of duplicated","",""
"epdiy-upstream/examples/fb_mode_test/sdkconfig.defaults","0",".defaults","e3b0c44298fc1c149afbf4c8996fb92427ae41e4649b934ca495991b7852b855","Exclude","Upstream repository is referenced by URL and commit instead of duplicated","",""
"epdiy-upstream/examples/fb_mode_test/sdkconfig.defaults.esp32","44944",".esp32","c3530fab6056bd189d7eb6906f965e35241ad34ffa40efb2bca680341d0fe309","Exclude","Upstream repository is referenced by URL and commit instead of duplicated","",""
"epdiy-upstream/examples/fb_mode_test/sdkconfig.defaults.esp32s3","43453",".esp32s3","4384710a2ef9c6778032cfe55c2eefd77468917ef1707208b84737acb5495c30","Exclude","Upstream repository is referenced by URL and commit instead of duplicated","",""
"epdiy-upstream/examples/grayscale_test/CMakeLists.txt","155",".txt","6685a38e65f5779feaa0169a96e2eb57162aa545a522bdc3e2da3ac79a476f2b","Exclude","Upstream repository is referenced by URL and commit instead of duplicated","",""
"epdiy-upstream/examples/grayscale_test/main/CMakeLists.txt","89",".txt","420a97881b10d3555375965595ee3cf7c082bd5fe0b4e601f0283f9254802557","Exclude","Upstream repository is referenced by URL and commit instead of duplicated","",""
"epdiy-upstream/examples/grayscale_test/main/main.c","2144",".c","aa956b69b5f70b4989f7ada4e1bdb52a2c352ca220afa43f9a002ed03e9c3489","Exclude","Upstream repository is referenced by URL and commit instead of duplicated","",""
"epdiy-upstream/examples/grayscale_test/sdkconfig.defaults","0",".defaults","e3b0c44298fc1c149afbf4c8996fb92427ae41e4649b934ca495991b7852b855","Exclude","Upstream repository is referenced by URL and commit instead of duplicated","",""
"epdiy-upstream/examples/grayscale_test/sdkconfig.defaults.esp32","44944",".esp32","c3530fab6056bd189d7eb6906f965e35241ad34ffa40efb2bca680341d0fe309","Exclude","Upstream repository is referenced by URL and commit instead of duplicated","",""
"epdiy-upstream/examples/grayscale_test/sdkconfig.defaults.esp32s3","43453",".esp32s3","4384710a2ef9c6778032cfe55c2eefd77468917ef1707208b84737acb5495c30","Exclude","Upstream repository is referenced by URL and commit instead of duplicated","",""
"epdiy-upstream/examples/http-server/CMakeLists.txt","150",".txt","e94967573cf5cc3e39905bb29e64cbf8fa020f21b5cbf29b78316e6fa3148f0d","Exclude","Upstream repository is referenced by URL and commit instead of duplicated","",""
"epdiy-upstream/examples/http-server/component.mk","149",".mk","1f9c8df487bd95f0044fd50b9227f245c2f3f058afba603a26a9dea3b0e1d2fe","Exclude","Upstream repository is referenced by URL and commit instead of duplicated","",""
"epdiy-upstream/examples/http-server/main/CMakeLists.txt","191",".txt","28d58ec618b1b9a0b76b6cb963187065bcb20e91c3c288c6ba4daabbf4719d90","Exclude","Upstream repository is referenced by URL and commit instead of duplicated","",""
"epdiy-upstream/examples/http-server/main/epd.c","1156",".c","27028882c7638ba1be9840fbc460006ded273ff0479c00381cbb655a4a508e78","Exclude","Upstream repository is referenced by URL and commit instead of duplicated","",""
"epdiy-upstream/examples/http-server/main/epd.h","321",".h","b5b475dad710d7033684880a620c95e8826eb914093152806d0d3b06025e569a","Exclude","Upstream repository is referenced by URL and commit instead of duplicated","",""
"epdiy-upstream/examples/http-server/main/main.c","5246",".c","abd25510d5ac6f0dbf01dc13ed3346300ac49602a37e188c30e58617f753a13c","Exclude","Upstream repository is referenced by URL and commit instead of duplicated","",""
"epdiy-upstream/examples/http-server/main/server.c","1214",".c","5bde0a2c96e9cecc73fe62f59ef9023df3f42df47ce412f6b55ef1592fff4980","Exclude","Upstream repository is referenced by URL and commit instead of duplicated","",""
"epdiy-upstream/examples/http-server/main/server.h","372",".h","b5fb8bd291785b70176d15fdc6bf0000dad4ff97084f9eff08dfb86e4d3f732d","Exclude","Upstream repository is referenced by URL and commit instead of duplicated","",""
"epdiy-upstream/examples/http-server/main/settings.h","270",".h","32643035078a2444af32cc4210d93540a64ebe9add77e91d9d9b8638480701a6","Exclude","Upstream repository is referenced by URL and commit instead of duplicated","",""
"epdiy-upstream/examples/http-server/README.md","1256",".md","55bae053238e2a378ca197d6b4f47ec9cf49e1721252253c92d11f001e5c8dcf","Exclude","Upstream repository is referenced by URL and commit instead of duplicated","",""
"epdiy-upstream/examples/http-server/sdkconfig.defaults","0",".defaults","e3b0c44298fc1c149afbf4c8996fb92427ae41e4649b934ca495991b7852b855","Exclude","Upstream repository is referenced by URL and commit instead of duplicated","",""
"epdiy-upstream/examples/http-server/sdkconfig.defaults.esp32","44944",".esp32","c3530fab6056bd189d7eb6906f965e35241ad34ffa40efb2bca680341d0fe309","Exclude","Upstream repository is referenced by URL and commit instead of duplicated","",""
"epdiy-upstream/examples/http-server/sdkconfig.defaults.esp32s3","43453",".esp32s3","4384710a2ef9c6778032cfe55c2eefd77468917ef1707208b84737acb5495c30","Exclude","Upstream repository is referenced by URL and commit instead of duplicated","",""
"epdiy-upstream/examples/http-server/send_image.py","3030",".py","e76cfcb0bd0c77c0f4db43311e5dd1af3410be0321ef3f3a65f013ca507c14a6","Exclude","Upstream repository is referenced by URL and commit instead of duplicated","",""
"epdiy-upstream/examples/lilygo-t5-47-epd-platformio/.gitignore","97",".gitignore","ffa836ff01b84a0efae5435f429ebf097eb74e7da839c2d1338e3a631d5942fb","Exclude","Upstream repository is referenced by URL and commit instead of duplicated","",""
"epdiy-upstream/examples/lilygo-t5-47-epd-platformio/lib/Firasans/Firasans.h","755992",".h","a095b218b76325573e1ef8246d384954e709b3c56900bab81d8f06803a12a675","Exclude","Upstream repository is referenced by URL and commit instead of duplicated","",""
"epdiy-upstream/examples/lilygo-t5-47-epd-platformio/lib/README","1083","","b18c320c1e1754993cdf872623d124e8c56bfda32a9a474b2e7bc3f5f75474c3","Exclude","Upstream repository is referenced by URL and commit instead of duplicated","",""
"epdiy-upstream/examples/lilygo-t5-47-epd-platformio/platformio.ini","1238",".ini","75605fe81bf141298fe052303b8588a7542f5c3dff6ee7d5a44db21ea37729f0","Exclude","Upstream repository is referenced by URL and commit instead of duplicated","",""
"epdiy-upstream/examples/lilygo-t5-47-epd-platformio/README.md","340",".md","6d92cce16dd7c3a07c336d37f4236b8a5537b153ab990a5f7d58a45b0ef1fc64","Exclude","Upstream repository is referenced by URL and commit instead of duplicated","",""
"epdiy-upstream/examples/lilygo-t5-47-epd-platformio/src/main.cpp","7975",".cpp","de1e16253a3060316e526301d7936f6c84be886d8e4111c69ba1c8b6ca4e9884","Exclude","Upstream repository is referenced by URL and commit instead of duplicated","",""
"epdiy-upstream/examples/screen_diag/CMakeLists.txt","670",".txt","000375f41a17953275515aa0264fd9fa6bcc99c57829ddbbdf06a7912313fd70","Exclude","Upstream repository is referenced by URL and commit instead of duplicated","",""
"epdiy-upstream/examples/screen_diag/main/CMakeLists.txt","282",".txt","d7340c84f4e603ef8694b5a90d30c13e0f9fc83a0c3bdebc0538bf3b962ec6c9","Exclude","Upstream repository is referenced by URL and commit instead of duplicated","",""
"epdiy-upstream/examples/screen_diag/main/commands.c","469",".c","a9d658cc1582ca3dd803f594617f6d264f434a634a348e912fb6400db6368fad","Exclude","Upstream repository is referenced by URL and commit instead of duplicated","",""
"epdiy-upstream/examples/screen_diag/main/commands.h","2848",".h","0b67630d583038f23eec38563f449b920f7f990e66a48c1cfb5e81b4274e4c4b","Exclude","Upstream repository is referenced by URL and commit instead of duplicated","",""
"epdiy-upstream/examples/screen_diag/main/commands/graphics.c","12017",".c","89d1eb43f874b5870f5797a6daee8028ca7b9a7cf33f3008a0e29aaf939a92a0","Exclude","Upstream repository is referenced by URL and commit instead of duplicated","",""
"epdiy-upstream/examples/screen_diag/main/commands/graphics.h","56",".h","e6f8a40f540c870ab7ab3935ed84ffd991817d4586c0a11cf24e1456634206a0","Exclude","Upstream repository is referenced by URL and commit instead of duplicated","",""
"epdiy-upstream/examples/screen_diag/main/commands/screen.c","8812",".c","19f3fcc1907424afca3e33c7288dea37ce2a9bb7b90948b53b806419a9008132","Exclude","Upstream repository is referenced by URL and commit instead of duplicated","",""
"epdiy-upstream/examples/screen_diag/main/commands/screen.h","54",".h","ab68bf2aaa012352526a73b88e75342888d69347e376a4c58f1ff57a1bdcb95e","Exclude","Upstream repository is referenced by URL and commit instead of duplicated","",""
"epdiy-upstream/examples/screen_diag/main/commands/system.c","6850",".c","3574f92a86290608b46bfb6a315f62753e6c23fa4b1b470a680bfaffd7dd0dc0","Exclude","Upstream repository is referenced by URL and commit instead of duplicated","",""
"epdiy-upstream/examples/screen_diag/main/commands/system.h","54",".h","4be9e04c600ad6f4a8898ab18ee46d0af4c1a08f03ae459de76f0a0df8f3fe3a","Exclude","Upstream repository is referenced by URL and commit instead of duplicated","",""
"epdiy-upstream/examples/screen_diag/main/commands/tests.c","4319",".c","2887fefe5400b59a6cf50f1293355361464da0f1fca6c76f017b1de77a1cf759","Exclude","Upstream repository is referenced by URL and commit instead of duplicated","",""
"epdiy-upstream/examples/screen_diag/main/commands/tests.h","53",".h","6c38ba4bea6336818e45708fb9b315d35a176e7694b997977fffe448d0875616","Exclude","Upstream repository is referenced by URL and commit instead of duplicated","",""
"epdiy-upstream/examples/screen_diag/main/epd.c","1509",".c","6cfb226678117d5df6ecb608bfcd8a7b935da28d7d79a31d08c9ec783c0a0e4e","Exclude","Upstream repository is referenced by URL and commit instead of duplicated","",""
"epdiy-upstream/examples/screen_diag/main/epd.h","179",".h","3f74cc1d0f701dcb9c0d2466ac94f2c61958870d90da5488f80e6a9cb907a33c","Exclude","Upstream repository is referenced by URL and commit instead of duplicated","",""
"epdiy-upstream/examples/screen_diag/main/res/fonts/alexandria.h","157035",".h","c22efab0f8d914731732cdaabd6d5dfe907573e67cc5c3b74cd222c6f11cbc15","Exclude","Upstream repository is referenced by URL and commit instead of duplicated","",""
"epdiy-upstream/examples/screen_diag/main/res/fonts/amiri.h","143310",".h","f6eefe76f4d95084ba3e97dc5e9b6b5013e155c0e2e10e7dc49b002919ee269b","Exclude","Upstream repository is referenced by URL and commit instead of duplicated","",""
"epdiy-upstream/examples/screen_diag/main/res/fonts/fonts.h","182",".h","e96c02393c126b5a3cdd77b3602c8ec5ab358f9e34f2ac46985e7e59dbc54c4a","Exclude","Upstream repository is referenced by URL and commit instead of duplicated","",""
"epdiy-upstream/examples/screen_diag/main/screen_diag.c","2026",".c","ae6583682c8a3a8415d5306aeddbf19a5fd4250e0abb8ca1cf96602a193ef648","Exclude","Upstream repository is referenced by URL and commit instead of duplicated","",""
"epdiy-upstream/examples/screen_diag/partitions_example.csv","312",".csv","6683353c7e6ca6a070eb49083d3008fd5b96fee93a7c8074ed9f16ed0f7152d3","Exclude","Upstream repository is referenced by URL and commit instead of duplicated","",""
"epdiy-upstream/examples/screen_diag/README.md","5783",".md","a2da48ee3ad1bf4b8f497e71d9fff9e4e28a99a3d291a4981b7bbcf2f4760ed6","Exclude","Upstream repository is referenced by URL and commit instead of duplicated","",""
"epdiy-upstream/examples/screen_diag/sdkconfig.defaults","0",".defaults","e3b0c44298fc1c149afbf4c8996fb92427ae41e4649b934ca495991b7852b855","Exclude","Upstream repository is referenced by URL and commit instead of duplicated","",""
"epdiy-upstream/examples/screen_diag/sdkconfig.defaults.esp32","44944",".esp32","c3530fab6056bd189d7eb6906f965e35241ad34ffa40efb2bca680341d0fe309","Exclude","Upstream repository is referenced by URL and commit instead of duplicated","",""
"epdiy-upstream/examples/screen_diag/sdkconfig.defaults.esp32s3","43453",".esp32s3","4384710a2ef9c6778032cfe55c2eefd77468917ef1707208b84737acb5495c30","Exclude","Upstream repository is referenced by URL and commit instead of duplicated","",""
"epdiy-upstream/examples/test/CMakeLists.txt","371",".txt","22437a08cafb4db55a061ca3512ea4622eea0050f13bfa1b5a5dfa1fe516a1bd","Exclude","Upstream repository is referenced by URL and commit instead of duplicated","",""
"epdiy-upstream/examples/test/main/CMakeLists.txt","97",".txt","d66a51b4def4884864039f1aead440497cbc52487949a92e0295a2c76273732c","Exclude","Upstream repository is referenced by URL and commit instead of duplicated","",""
"epdiy-upstream/examples/test/main/main.c","360",".c","675975eafbd807c275a697fadbf66ab964ec44d29eb4b8cafb622109d9a6b97e","Exclude","Upstream repository is referenced by URL and commit instead of duplicated","",""
"epdiy-upstream/examples/vcom-kickback/CMakeLists.txt","152",".txt","0c471630e7c546b488f53bed3912c2cf7124abb60cf58d0ea50151eaf1e58d29","Exclude","Upstream repository is referenced by URL and commit instead of duplicated","",""
"epdiy-upstream/examples/vcom-kickback/main/CMakeLists.txt","89",".txt","420a97881b10d3555375965595ee3cf7c082bd5fe0b4e601f0283f9254802557","Exclude","Upstream repository is referenced by URL and commit instead of duplicated","",""
"epdiy-upstream/examples/vcom-kickback/main/dragon.h","3124817",".h","c5901d312a56cfbacd21ef48b6c729de93c962d6a509ee4c21d68be3d117731c","Exclude","Upstream repository is referenced by URL and commit instead of duplicated","",""
"epdiy-upstream/examples/vcom-kickback/main/main.c","2132",".c","40934b1ccc5e1ef91852195c57009566db14142fe9e0c3a7f3bcb9db07f7ca08","Exclude","Upstream repository is referenced by URL and commit instead of duplicated","",""
"epdiy-upstream/examples/vcom-kickback/main/main.ino","793",".ino","05ea4ad8026caee7cf398330680196c371797bdc9bd4c927c7a7fcd595c51f21","Exclude","Upstream repository is referenced by URL and commit instead of duplicated","",""
"epdiy-upstream/examples/vcom-kickback/README.md","287",".md","a5c5a445437e796e95329a9b8e5d8a6e79f44bd06331810ad41988fd8c5f2ffa","Exclude","Upstream repository is referenced by URL and commit instead of duplicated","",""
"epdiy-upstream/examples/vcom-kickback/sdkconfig.defaults","0",".defaults","e3b0c44298fc1c149afbf4c8996fb92427ae41e4649b934ca495991b7852b855","Exclude","Upstream repository is referenced by URL and commit instead of duplicated","",""
"epdiy-upstream/examples/vcom-kickback/sdkconfig.defaults.esp32s3","43453",".esp32s3","4384710a2ef9c6778032cfe55c2eefd77468917ef1707208b84737acb5495c30","Exclude","Upstream repository is referenced by URL and commit instead of duplicated","",""
"epdiy-upstream/examples/weather/CMakeLists.txt","145",".txt","0fb3abe4aa753f39ca88e0db777d0db94bb30ccbc7e97a01b2d7eaf535b03725","Exclude","Upstream repository is referenced by URL and commit instead of duplicated","",""
"epdiy-upstream/examples/weather/Licence.txt","1581",".txt","f54161f68f22610bef276db46f9afe9ef8c03e21e41f4c4cf18177b59df924bb","Exclude","Upstream repository is referenced by URL and commit instead of duplicated","",""
"epdiy-upstream/examples/weather/main/ArduinoJson.h","233709",".h","fcd8fc427130f52272e59d9a3b966693b731afcbb1886bd25a3657e26e400838","Exclude","Upstream repository is referenced by URL and commit instead of duplicated","",""
"epdiy-upstream/examples/weather/main/CMakeLists.txt","111",".txt","a0b23fe49e80fe3f42fb2c7c17dcf4980b5760440c0ade676d17aef8908acbfe","Exclude","Upstream repository is referenced by URL and commit instead of duplicated","",""
"epdiy-upstream/examples/weather/main/forecast_record.h","744",".h","14d15a0997fd348a0842afe5e52399d93359281b3d91adca9b278d0f3839737d","Exclude","Upstream repository is referenced by URL and commit instead of duplicated","",""
"epdiy-upstream/examples/weather/main/lang.h","2405",".h","e30d3e52a379caa03530f530d56c114745f9816939b883ba0319959dbb1bd379","Exclude","Upstream repository is referenced by URL and commit instead of duplicated","",""
"epdiy-upstream/examples/weather/main/main.ino","102",".ino","66a6b062cdc210577431ac0b4d4774418975c11942ada21046b8eea631297e4c","Exclude","Upstream repository is referenced by URL and commit instead of duplicated","",""
"epdiy-upstream/examples/weather/main/opensans10.h","0",".h","e3b0c44298fc1c149afbf4c8996fb92427ae41e4649b934ca495991b7852b855","Exclude","Upstream repository is referenced by URL and commit instead of duplicated","",""
"epdiy-upstream/examples/weather/main/opensans12.h","746557",".h","c1ce147384f01e7cad67778a531c5faf5863e91a608392be607ccd12d216280d","Exclude","Upstream repository is referenced by URL and commit instead of duplicated","",""
"epdiy-upstream/examples/weather/main/opensans12b.h","759180",".h","7af0588b903f7b996874adb7f127b243ef26a5bf1524b0bccd6a3ca50e05c9d2","Exclude","Upstream repository is referenced by URL and commit instead of duplicated","",""
"epdiy-upstream/examples/weather/main/opensans16.h","1017818",".h","17a9646dc74758a7dc21d2d543ef6a2a16f7631f4e3e553a205a2b4c8927b465","Exclude","Upstream repository is referenced by URL and commit instead of duplicated","",""
"epdiy-upstream/examples/weather/main/opensans16b.h","1027485",".h","5ff58cc2b10d94798b1e93fa27bfeb47c756c8fb0c67f792318105e629a9e98d","Exclude","Upstream repository is referenced by URL and commit instead of duplicated","",""
"epdiy-upstream/examples/weather/main/opensans24.h","1572943",".h","ec601a02904b209526e5808d6e308fcc20087c604cd363911ba8c00a054878b7","Exclude","Upstream repository is referenced by URL and commit instead of duplicated","",""
"epdiy-upstream/examples/weather/main/opensans24b.h","1581773",".h","55d64bd1e85df94c97b276a60bb16c2fd527a0e2fcac95d2c11040d72406f189","Exclude","Upstream repository is referenced by URL and commit instead of duplicated","",""
"epdiy-upstream/examples/weather/main/opensans6.h","370824",".h","ca25a55b27434234bee9af996dc57f0b4d73ce4634678aa5245b23a968e309b0","Exclude","Upstream repository is referenced by URL and commit instead of duplicated","",""
"epdiy-upstream/examples/weather/main/opensans8.h","496978",".h","0dc743ebf043e7c00434cc6d7bbd71b2bc873bf494f94d3b4bb6e7b66bf789de","Exclude","Upstream repository is referenced by URL and commit instead of duplicated","",""
"epdiy-upstream/examples/weather/main/opensans8b.h","503942",".h","f5d5214f16758a1adfbe8d1532fbcc82c0de9468a3eabd247a925de3f8ddc86d","Exclude","Upstream repository is referenced by URL and commit instead of duplicated","",""
"epdiy-upstream/examples/weather/main/owm_credentials.h","3287",".h","0064c42839060512cd474c90f30560ce3e3f155846014507a0a7d80b17821a58","Exclude","Upstream repository is referenced by URL and commit instead of duplicated","",""
"epdiy-upstream/examples/weather/main/weather.cpp","70366",".cpp","778357640b7cdc481c3269c0f5c626de6d42479c899ff7b18e8add2ad4daf151","Exclude","Upstream repository is referenced by URL and commit instead of duplicated","",""
"epdiy-upstream/examples/weather/partitions.csv","199",".csv","bebcad5b13ff27a64e0ec4fc3ab72c6c37bb45a047a717b5ba8704aac5331bad","Exclude","Upstream repository is referenced by URL and commit instead of duplicated","",""
"epdiy-upstream/examples/weather/README.md","2679",".md","18618e1ad9dd3cb69b3b458ed2f0d5d36e246751b0f2dd1b939254e71673fb2e","Exclude","Upstream repository is referenced by URL and commit instead of duplicated","",""
"epdiy-upstream/examples/weather/sdkconfig.defaults","25",".defaults","dae3afd9f120f1d7fc8036a66b90d404a97d43fd4925075f3dd77ad75ac580fb","Exclude","Upstream repository is referenced by URL and commit instead of duplicated","",""
"epdiy-upstream/examples/weather/sdkconfig.defaults.esp32","44927",".esp32","54311547611c7e71bfdd4ac50a66b876d7e29294ceed2180bb8ea4514e237673","Exclude","Upstream repository is referenced by URL and commit instead of duplicated","",""
"epdiy-upstream/examples/weather/sdkconfig.defaults.esp32s3","43481",".esp32s3","abb7336604b53f52a89c790acf6ad5ad3c416c7e1091db5035cfddf8844cb6ce","Exclude","Upstream repository is referenced by URL and commit instead of duplicated","",""
"epdiy-upstream/examples/weather/weather.jpg","158029",".jpg","0a8c63076c11c11c06412a481daeb4e1ccba2d4d3e0e1b285628afe4452454c5","Exclude","Upstream repository is referenced by URL and commit instead of duplicated","",""
"epdiy-upstream/examples/www-image/CMakeLists.txt","355",".txt","63ab1df3d814fe9120ced7f16f55c013ee15aa86936d155c713518ff173d8a0b","Exclude","Upstream repository is referenced by URL and commit instead of duplicated","",""
"epdiy-upstream/examples/www-image/component.mk","216",".mk","9db770e4d7c2e263209fb043508fafb221827b98427ec8a1a692f65d115752c9","Exclude","Upstream repository is referenced by URL and commit instead of duplicated","",""
"epdiy-upstream/examples/www-image/main/CMakeLists.txt","430",".txt","0c787472ae9afcb62190070feab1b3d6697d7c1837160840c619f38d78ed7ef5","Exclude","Upstream repository is referenced by URL and commit instead of duplicated","",""
"epdiy-upstream/examples/www-image/main/idf_component.yml","605",".yml","fc1821c379002a22d30c7555affd1f8bd9ac69a637bf5dbc7f6059e2526013dc","Exclude","Upstream repository is referenced by URL and commit instead of duplicated","",""
"epdiy-upstream/examples/www-image/main/jpgdec-render.cpp","16844",".cpp","7761b68d4888716a2f027effc1f3610a32e56230fe23004f3038f23e63e6a84d","Exclude","Upstream repository is referenced by URL and commit instead of duplicated","",""
"epdiy-upstream/examples/www-image/main/jpg-render.c","21162",".c","7cc2e2ff4e29f0c468e55c1559d4a5b8756b6d18da539dc87ec78b00bf697ca5","Exclude","Upstream repository is referenced by URL and commit instead of duplicated","",""
"epdiy-upstream/examples/www-image/main/settings.h","1754",".h","35110b08f1c69f55e21b3c31dcf5927c5226b9274b455c63b1392e76094a00fe","Exclude","Upstream repository is referenced by URL and commit instead of duplicated","",""
"epdiy-upstream/examples/www-image/README.md","4387",".md","6ca290629891e5a9cef974226fd5699627c83197395e29c3fffa6d91e2e4a955","Exclude","Upstream repository is referenced by URL and commit instead of duplicated","",""
"epdiy-upstream/examples/www-image/sdkconfig.defaults","0",".defaults","e3b0c44298fc1c149afbf4c8996fb92427ae41e4649b934ca495991b7852b855","Exclude","Upstream repository is referenced by URL and commit instead of duplicated","",""
"epdiy-upstream/examples/www-image/sdkconfig.defaults.esp32","44944",".esp32","c3530fab6056bd189d7eb6906f965e35241ad34ffa40efb2bca680341d0fe309","Exclude","Upstream repository is referenced by URL and commit instead of duplicated","",""
"epdiy-upstream/examples/www-image/sdkconfig.defaults.esp32s3","43453",".esp32s3","4384710a2ef9c6778032cfe55c2eefd77468917ef1707208b84737acb5495c30","Exclude","Upstream repository is referenced by URL and commit instead of duplicated","",""
"epdiy-upstream/examples/www-image/ssl_cert/server_cert.pem","1828",".pem","f53581b166997153aa3f3cbcd25fc3467fe68e1452e4794340f7ab21b215e02d","Exclude","Upstream repository is referenced by URL and commit instead of duplicated","",""
"epdiy-upstream/idf_component.yml","160",".yml","621ca8479815b971fd6bedfe54357cb02c89f38b0ad6b6e0963e8fed4af0f73c","Exclude","Upstream repository is referenced by URL and commit instead of duplicated","",""
"epdiy-upstream/library.json","640",".json","e5eb7434533c44f6322af6e7a00fe7824f5cdc55100be901751e34c3f1333713","Exclude","Upstream repository is referenced by URL and commit instead of duplicated","",""
"epdiy-upstream/library.properties","332",".properties","566ea354bcd91e8c764f4c45b4f9b769b3ea132d4ff1ab97c64a1527d7d69c2a","Exclude","Upstream repository is referenced by URL and commit instead of duplicated","",""
"epdiy-upstream/LICENSE","7817","","7d3a95e5e06978064ed3f8e2b7c8f845e7fd8a405294727cc708f94cb83b8059","Exclude","Upstream repository is referenced by URL and commit instead of duplicated","",""
"epdiy-upstream/Makefile","1629","","6dcf2d0c9bb5766fea1bd3b1898bb900df2af782a279a4e2c10de23051807394","Exclude","Upstream repository is referenced by URL and commit instead of duplicated","",""
"epdiy-upstream/README.md","12146",".md","7fa672c500cad479ba6d4542dd780e9b5927b737aa7995c2f06e6a8ce51c4939","Exclude","Upstream repository is referenced by URL and commit instead of duplicated","",""
"epdiy-upstream/scripts/epdiy_waveform_gen.py","6003",".py","975d15137e640cf32543fdc8f37de3427722bcfb316892975f5dd6c67d23d571","Exclude","Upstream repository is referenced by URL and commit instead of duplicated","",""
"epdiy-upstream/scripts/fontconvert.py","10912",".py","38675201ad7b8c02286339d4523f18b38f02fe5382a027cf030322e0c7b885a6","Exclude","Upstream repository is referenced by URL and commit instead of duplicated","",""
"epdiy-upstream/scripts/imgconvert.py","3026",".py","edcb8412426b94d97c3e8cdb87833f0e2eecfdd0c26026406a04cb9a999ed198","Exclude","Upstream repository is referenced by URL and commit instead of duplicated","",""
"epdiy-upstream/scripts/LICENSE","1084","","be221aa89fe6e6835c608e896e82d716a750e18f92f2000ced4855e244f13779","Exclude","Upstream repository is referenced by URL and commit instead of duplicated","",""
"epdiy-upstream/scripts/modenames.py","474",".py","351d11b31ea7ce40170c540145dad1fb4f85d34afb1b48c853b670348e46d3f2","Exclude","Upstream repository is referenced by URL and commit instead of duplicated","",""
"epdiy-upstream/scripts/README.md","3324",".md","ead63a10fff55f40e5a6c41fd2b1c2c6cd63a7aff0f38a316af0077b25880454","Exclude","Upstream repository is referenced by URL and commit instead of duplicated","",""
"epdiy-upstream/scripts/waveform_hdrgen.py","4595",".py","050826f1549983bbba39d68edcdffefbbf42cfdf495f646d853e31bf0d952b18","Exclude","Upstream repository is referenced by URL and commit instead of duplicated","",""
"epdiy-upstream/src/board/epd_board.c","1830",".c","ffde5f64327cd6bf0dc42d742bbc6e961373047fe87a19e6e3381767ced6c384","Exclude","Upstream repository is referenced by URL and commit instead of duplicated","",""
"epdiy-upstream/src/board/epd_board_common.c","2868",".c","2cecc498fb987dec608cf3a610d2d604216c74a0f3d06bbf8e1aff2885132558","Exclude","Upstream repository is referenced by URL and commit instead of duplicated","",""
"epdiy-upstream/src/board/epd_board_common.h","237",".h","33da026607e482cc8934d39a68ceffb0e11b637372ed9d9166382a141b8a6b84","Exclude","Upstream repository is referenced by URL and commit instead of duplicated","",""
"epdiy-upstream/src/board/epd_board_i2c.c","2694",".c","2f44427505a5d2eed4eef18ae3e2739fd11061e0340c2af541edda0b40cc75b5","Exclude","Upstream repository is referenced by URL and commit instead of duplicated","",""
"epdiy-upstream/src/board/epd_board_i2c.h","813",".h","13725f8a60f33c2c000fd5b667b62e960188e7f15964b20c4651d21488e85bf4","Exclude","Upstream repository is referenced by URL and commit instead of duplicated","",""
"epdiy-upstream/src/board/epd_board_lilygo_t5_47.c","6549",".c","7c8dcf2e55424ca0b868603a9b01e1b21e30f73ade49059281c805fbd82b03d4","Exclude","Upstream repository is referenced by URL and commit instead of duplicated","",""
"epdiy-upstream/src/board/epd_board_v2_v3.c","4930",".c","7aac85be31f8da1404754314b0c5cd1d1d4b2ced6478ab490246b164d2aa9f82","Exclude","Upstream repository is referenced by URL and commit instead of duplicated","",""
"epdiy-upstream/src/board/epd_board_v4.c","5686",".c","0b19e299f8c6c19dffb0dab910d0ab2cf0174c627fbe7a63f0bee8bc3f747fc5","Exclude","Upstream repository is referenced by URL and commit instead of duplicated","",""
"epdiy-upstream/src/board/epd_board_v5.c","5712",".c","d7e7e446dd2f51c754c05412a3958b4ac88b8962ad9fe8fe5f146f0ba49c50eb","Exclude","Upstream repository is referenced by URL and commit instead of duplicated","",""
"epdiy-upstream/src/board/epd_board_v6.c","10485",".c","ff0bbb06c0c13f64dea0b19c23d92a5be8c9e37b7beb0f5788b4310e8a95f4ad","Exclude","Upstream repository is referenced by URL and commit instead of duplicated","",""
"epdiy-upstream/src/board/epd_board_v7.c","9507",".c","0e26c6ca1d0e72d272c9606ed5296302d7297a233d04477a057ac8a7e24e388a","Exclude","Upstream repository is referenced by URL and commit instead of duplicated","",""
"epdiy-upstream/src/board/epd_board_v7_103.c","9773",".c","e46bd3e1f797f87d878d00fafaea4e6ac6529e8237c1b43772545b16cf4c94fe","Exclude","Upstream repository is referenced by URL and commit instead of duplicated","",""
"epdiy-upstream/src/board/epd_board_v7_raw.c","8424",".c","fefa7d0641dc75c7617605cafade4129c0de9bed7fcaad029f6e2a3efb4cd032","Exclude","Upstream repository is referenced by URL and commit instead of duplicated","",""
"epdiy-upstream/src/board/lilygo_board_s3.c","7484",".c","d27bc3f2aac63a3f0064d67cf0ad7723cffe8bb1457137ac1849f3f1d9e96808","Exclude","Upstream repository is referenced by URL and commit instead of duplicated","",""
"epdiy-upstream/src/board/pca9555.c","2272",".c","daf32f713d176afb0e7266d31d9d6ffbecb39cfe4e1c2249b94b66b2c49984f0","Exclude","Upstream repository is referenced by URL and commit instead of duplicated","",""
"epdiy-upstream/src/board/pca9555.h","1097",".h","9b47517c0c8cff5b91d33b949c690c6f423d9b19aacfe3cc224298ab6cd97648","Exclude","Upstream repository is referenced by URL and commit instead of duplicated","",""
"epdiy-upstream/src/board/tps65185.c","3822",".c","15689b7db1c13d03a50f89195239f88b0cd3d881640ab698a94e4223bd6a5f59","Exclude","Upstream repository is referenced by URL and commit instead of duplicated","",""
"epdiy-upstream/src/board/tps65185.h","1618",".h","4e6481b5e12d6a9aaa123312589bfc9955445b555c64fa65b28c4170da4d321d","Exclude","Upstream repository is referenced by URL and commit instead of duplicated","",""
"epdiy-upstream/src/board_specific.c","97",".c","0654e8ece860380cd988f1ccdec26f4d539b1773d986595bf9019724a042a2b5","Exclude","Upstream repository is referenced by URL and commit instead of duplicated","",""
"epdiy-upstream/src/builtin_waveforms.c","485",".c","a3e754ae00e0532e630fec62d8885d84e9dbfa9f3ba38f1e9563c1ca704754e0","Exclude","Upstream repository is referenced by URL and commit instead of duplicated","",""
"epdiy-upstream/src/diff.S","3552",".s","a68471e366d4bff90468121cd5c44e2f43c68c86041147badbecca94c26c8d72","Exclude","Upstream repository is referenced by URL and commit instead of duplicated","",""
"epdiy-upstream/src/displays.c","2285",".c","e923adbb7669d3d8cd26643630ee45ee05c707eb89235fbc4bc538a4d667e7bb","Exclude","Upstream repository is referenced by URL and commit instead of duplicated","",""
"epdiy-upstream/src/epd_board.h","3440",".h","57aa9f95f1ea3fc2d3fdcf1d342be82ad27292c80313d10a38a23e1826f9f926","Exclude","Upstream repository is referenced by URL and commit instead of duplicated","",""
"epdiy-upstream/src/epd_board_specific.h","1367",".h","4d7a6bb80dea715511bfb2dc5c4f271ee81b61ffcbc4eefba4c9b706ed7fd8e7","Exclude","Upstream repository is referenced by URL and commit instead of duplicated","",""
"epdiy-upstream/src/epd_display.h","1457",".h","66a0c251a3865845867e044375d577513edd1be085474c8c87b4000689d77ef0","Exclude","Upstream repository is referenced by URL and commit instead of duplicated","",""
"epdiy-upstream/src/epd_highlevel.h","5536",".h","893ca956164feee3537498f904a18e88eff9d892f1214ebf9e600cf1799b263a","Exclude","Upstream repository is referenced by URL and commit instead of duplicated","",""
"epdiy-upstream/src/epd_init_config.h","221",".h","8bc25929056bbaa6bfe051e85b608d3fb4c1b8ebf575b83ce484ff0503a41884","Exclude","Upstream repository is referenced by URL and commit instead of duplicated","",""
"epdiy-upstream/src/epd_internals.h","3203",".h","e44166bd9da995f852626d6f35e0a5c19acf18991b90f8a21cd9da0cf8feee8c","Exclude","Upstream repository is referenced by URL and commit instead of duplicated","",""
"epdiy-upstream/src/epdiy.c","16175",".c","86d86ebef38141e598a3e93a7953e2deae537912d6744fb0921e8269a487ca5d","Exclude","Upstream repository is referenced by URL and commit instead of duplicated","",""
"epdiy-upstream/src/epdiy.h","20289",".h","8abfacc9f7b86ca009f3e5849d12846cfe439c3a7aac6b592bb5649bbb21d3d3","Exclude","Upstream repository is referenced by URL and commit instead of duplicated","",""
"epdiy-upstream/src/font.c","12677",".c","456dfb6d207ca371096ff77f6cb3ad3410d825e8aeac0536768c89dc0a3132cd","Exclude","Upstream repository is referenced by URL and commit instead of duplicated","",""
"epdiy-upstream/src/hacks.cmake","3628",".cmake","508953f735bd78f21a49d36e2255293044354be9219dd8df2d21ecb1239d5d06","Exclude","Upstream repository is referenced by URL and commit instead of duplicated","",""
"epdiy-upstream/src/highlevel.c","12801",".c","c4610f931662a3b5be9d9f0920c2e78bb0e36d693b9aa1811faa9420e76c90d6","Exclude","Upstream repository is referenced by URL and commit instead of duplicated","",""
"epdiy-upstream/src/Makefile","831","","6f7aba79d7033495e51d0a21aecd93853e9d8868f1b916b4b08c2a0bfd3e44f6","Exclude","Upstream repository is referenced by URL and commit instead of duplicated","",""
"epdiy-upstream/src/output_common/line_queue.c","2259",".c","bf211d3432d6e34e21efbdda5b5024461ece8827cb1f9573c80285d9efce61dc","Exclude","Upstream repository is referenced by URL and commit instead of duplicated","",""
"epdiy-upstream/src/output_common/line_queue.h","1087",".h","4e0d4be4a7a3a4626cabe4dc5ee31bec042cefee6076bc3880cd238ea12afead","Exclude","Upstream repository is referenced by URL and commit instead of duplicated","",""
"epdiy-upstream/src/output_common/lut.c","20084",".c","9902739c8e0bbf53d3734cd54d62107abb63b9cf923acb0198a746d169c0c02d","Exclude","Upstream repository is referenced by URL and commit instead of duplicated","",""
"epdiy-upstream/src/output_common/lut.h","1328",".h","cd8f1ba2648e4dca59760650fff01857280b21bc09218c14a5e3a44fc8bf2d24","Exclude","Upstream repository is referenced by URL and commit instead of duplicated","",""
"epdiy-upstream/src/output_common/lut.S","3768",".s","4a1fa758c622e60fd46fac0f9cff9e62932f12c9af8e372af35bf4d83ee02ded","Exclude","Upstream repository is referenced by URL and commit instead of duplicated","",""
"epdiy-upstream/src/output_common/render_context.c","3423",".c","1ef21b8a080d153bae9cae26dc0af29f88d2bfc4f5396fa5380e61c4b05f2be4","Exclude","Upstream repository is referenced by URL and commit instead of duplicated","",""
"epdiy-upstream/src/output_common/render_context.h","3061",".h","f56cc5025a6259096f69fc9e5b36f227d966c47aca32e909366f6085449678d7","Exclude","Upstream repository is referenced by URL and commit instead of duplicated","",""
"epdiy-upstream/src/output_common/render_method.c","344",".c","9722ee727f69c1c4a86cd29d623dbedb3fc674f8b23fac9500f41d6361fbd292","Exclude","Upstream repository is referenced by URL and commit instead of duplicated","",""
"epdiy-upstream/src/output_common/render_method.h","753",".h","651b2a4374efcf4c747906868f08a1e65d23e5ca0fa383c128233b7ab888af9f","Exclude","Upstream repository is referenced by URL and commit instead of duplicated","",""
"epdiy-upstream/src/output_common/rmt_compat.c","6862",".c","b9c0b4b5464bef09da6cbc3dacb951b60d7b525096bc621009bdd43e082ada4c","Exclude","Upstream repository is referenced by URL and commit instead of duplicated","",""
"epdiy-upstream/src/output_common/rmt_compat.h","2312",".h","a3fb33874379b3e7642cdc236a73d4c45dbae09077c45e0b76391188a9451b3b","Exclude","Upstream repository is referenced by URL and commit instead of duplicated","",""
"epdiy-upstream/src/output_i2s/i2s_data_bus.c","10430",".c","371b111ad29efc1c430168df3eaefd9f070f0054c65e30252b6dc60801c617f5","Exclude","Upstream repository is referenced by URL and commit instead of duplicated","",""
"epdiy-upstream/src/output_i2s/i2s_data_bus.h","1648",".h","95cc911c4b29097e17a97a0360bfe6bcc0b150ba1868b14e10525e2f65f4d782","Exclude","Upstream repository is referenced by URL and commit instead of duplicated","",""
"epdiy-upstream/src/output_i2s/render_i2s.c","13650",".c","1121c76f261293461ca02028d5ffcc9e066af398d2256d22eb2984d0f5b4d77c","Exclude","Upstream repository is referenced by URL and commit instead of duplicated","",""
"epdiy-upstream/src/output_i2s/render_i2s.h","1487",".h","31e6f8796ba4e465d56e0bc99085e9be95b4d3742cad0a045da70d41e56ff8eb","Exclude","Upstream repository is referenced by URL and commit instead of duplicated","",""
"epdiy-upstream/src/output_i2s/rmt_pulse.c","2365",".c","b3b168eaea19e2c853cee3d76455535f93ddcaeb64f4ea7b15023b216f8feda2","Exclude","Upstream repository is referenced by URL and commit instead of duplicated","",""
"epdiy-upstream/src/output_i2s/rmt_pulse.h","1290",".h","d5601c4ea654d6f37057944c1c076ef3d5e7c558114fc1fbd1005cb0b06328ad","Exclude","Upstream repository is referenced by URL and commit instead of duplicated","",""
"epdiy-upstream/src/output_lcd/idf-4-backports.h","780",".h","ae9a385cff2dd9b87105cef1e3399e22a3aff69dc950d8e0958c22a5cf103749","Exclude","Upstream repository is referenced by URL and commit instead of duplicated","",""
"epdiy-upstream/src/output_lcd/lcd_driver.c","26367",".c","f3412a84761e49572e7e7e1533e40e324f0c2f8f6ecd168e9c2d9e6f08fb5c6a","Exclude","Upstream repository is referenced by URL and commit instead of duplicated","",""
"epdiy-upstream/src/output_lcd/lcd_driver.h","1513",".h","41c80ae4924b33caf8987f97f2c2094912368a384ab5866b9b6979a44d7dd7cf","Exclude","Upstream repository is referenced by URL and commit instead of duplicated","",""
"epdiy-upstream/src/output_lcd/render_lcd.c","8150",".c","4c186da6ea0e3996aa38d9636dada091e8f4e94665e82efe32c2fcb04f9f169a","Exclude","Upstream repository is referenced by URL and commit instead of duplicated","",""
"epdiy-upstream/src/output_lcd/render_lcd.h","480",".h","db4efbc7722b7578a82c120f95041640d4f2fa55c50849bf393cdce4c595da27","Exclude","Upstream repository is referenced by URL and commit instead of duplicated","",""
"epdiy-upstream/src/render.c","16561",".c","7922ea9304bc9c8700725e85d5f31e3ae9cfbab3a7c8a551705f520775b05e40","Exclude","Upstream repository is referenced by URL and commit instead of duplicated","",""
"epdiy-upstream/src/render.h","287",".h","6a2f90cde51a5adb246bb054466754be6ec7d02619385dfffbc192933b04b059","Exclude","Upstream repository is referenced by URL and commit instead of duplicated","",""
"epdiy-upstream/src/waveforms/epdiy_ED047TC1.h","37005",".h","b4c53d833b48cd19d23ade863bf32a83e2d100ca53ccdacae0e81b7105b0e808","Exclude","Upstream repository is referenced by URL and commit instead of duplicated","",""
"epdiy-upstream/src/waveforms/epdiy_ED047TC2.h","272368",".h","8706decf684473dbed028fc30b64a9275d2173de5c5cc9164d97d3251b3d479b","Exclude","Upstream repository is referenced by URL and commit instead of duplicated","",""
"epdiy-upstream/src/waveforms/epdiy_ED060SC4.h","36640",".h","26b498654816f1a2bc6fcf09dfdfe4d4f666c6697ee5325a892088949c5b3c65","Exclude","Upstream repository is referenced by URL and commit instead of duplicated","",""
"epdiy-upstream/src/waveforms/epdiy_ED060SCT.h","36969",".h","b8540c470e9e5fca5b0c772cd764eae42127e981e9287327094a4a7c82599380","Exclude","Upstream repository is referenced by URL and commit instead of duplicated","",""
"epdiy-upstream/src/waveforms/epdiy_ED060XC3.h","36643",".h","37bc38f2c4df5a72ba0449eb11cb3a46ecddc306e357664ff4b7bd38f0a32903","Exclude","Upstream repository is referenced by URL and commit instead of duplicated","",""
"epdiy-upstream/src/waveforms/epdiy_ED097OC4.h","36646",".h","00aeb9d55613f76418cc671a7a69ebec0216531dea1a98f67c968cd7354c4768","Exclude","Upstream repository is referenced by URL and commit instead of duplicated","",""
"epdiy-upstream/src/waveforms/epdiy_ED097TC2.h","36969",".h","57fa19a8fbadfb4882288e3ea306e553649880ce44f0e0734700a657bfd2b91e","Exclude","Upstream repository is referenced by URL and commit instead of duplicated","",""
"epdiy-upstream/src/waveforms/epdiy_ED133UT2.h","36661",".h","23fd9bfb80351b985459c3acecb7802df82764adbed5a5f421f6f86c6d8cd74a","Exclude","Upstream repository is referenced by URL and commit instead of duplicated","",""
"epdiy-upstream/src/waveforms/epdiy_NULL.h","36749",".h","00868d1fc642f90aa95f9096d294368e90d394f0aacd93c5aec01ce967ecbaa4","Exclude","Upstream repository is referenced by URL and commit instead of duplicated","",""
"epdiy-upstream/test/CMakeLists.txt","122",".txt","26cb26e747c0e2a4e98c703cc872bea83760e511afad9cc2d42cb2f88c99e377","Exclude","Upstream repository is referenced by URL and commit instead of duplicated","",""
"epdiy-upstream/test/test_diff.c","6559",".c","f064dc2b0d8de2f746b98631b2607950fdd137bce8a05f305ad7b6c083bd3e8e","Exclude","Upstream repository is referenced by URL and commit instead of duplicated","",""
"epdiy-upstream/test/test_initialization.c","2895",".c","3ddc0928037f24eb635f633c00171c77a2b450cfc8948d4a733f772573638b84","Exclude","Upstream repository is referenced by URL and commit instead of duplicated","",""
"epdiy-upstream/test/test_line_mask.c","888",".c","9b88f1aaf3d6ad639c917a3182d528a0efd87fe3b59e0cb1e2aae955a3e2b280","Exclude","Upstream repository is referenced by URL and commit instead of duplicated","",""
"epdiy-upstream/test/test_lut.c","11197",".c","edd46add6714756cfe1bb06931474044160936b225528cb23c0dc273b224a98d","Exclude","Upstream repository is referenced by URL and commit instead of duplicated","",""
"ESP32S3_TPS65185.pdf","528591",".pdf","d09181da8c066771343fe100a4527bc92e0fd2cf2723fc51b65a2ea9b6b51d09","Import","Vendor-authorized hardware document","materials/vendor/power/ESP32S3-TPS65185.pdf","d09181da8c066771343fe100a4527bc92e0fd2cf2723fc51b65a2ea9b6b51d09"
"FT5446U-DataSheet.pdf","698821",".pdf","9a99b440bb07b76c2eafcafbd62e88da0a3eae76500ca26069fdf8d9380c5047","Exclude","Wrong touch controller and confidential marking","",""
"英瑞达  E0470A01-AF-S A版规格书.pdf","999257",".pdf","70e457f990c3f04f20e6bad19b65bd8dbd096676258b3a974a642172f756f27f","Import","Vendor-authorized hardware document","materials/vendor/display/E0470A01-AF-S-specification.pdf","70e457f990c3f04f20e6bad19b65bd8dbd096676258b3a974a642172f756f27f"
